name,symbol,exchange
20MICRONS,20MICRONS.NS,NSE
21STCENMGM,21STCENMGM.NS,NSE
360ONE,360ONE.NS,NSE
3IINFOLTD,3IINFOLTD.NS,NSE
3MINDIA,3MINDIA.NS,NSE
3PLAND,3PLAND.NS,NSE
5PAISA,5PAISA.NS,NSE
63MOONS,63MOONS.NS,NSE
A2ZINFRA,A2ZINFRA.NS,NSE
AAATECH,AAATECH.NS,NSE
AADHARHFC,AADHARHFC.NS,NSE
AAKASH,AAKASH.NS,NSE
AAREYDRUGS,AAREYDRUGS.NS,NSE
AARON,AARON.NS,NSE
AARTECH,AARTECH.NS,NSE
AARTIDRUGS,AARTIDRUGS.NS,NSE
AARTIIND,AARTIIND.NS,NSE
AARTIPHARM,AARTIPHARM.NS,NSE
AARTISURF,AARTISURF.NS,NSE
AARVEEDEN,AARVEEDEN.NS,NSE
AARVI,AARVI.NS,NSE
AAVAS,AAVAS.NS,NSE
ABAN,ABAN.NS,NSE
ABB,ABB.NS,NSE
ABBOTINDIA,ABBOTINDIA.NS,NSE
ABCAPITAL,ABCAPITAL.NS,NSE
ABDL,ABDL.NS,NSE
ABFRL,ABFRL.NS,NSE
ABINFRA,ABINFRA.NS,NSE
ABLBL,ABLBL.NS,NSE
ABMINTLLTD,ABMINTLLTD.NS,NSE
ABREL,ABREL.NS,NSE
ABSLAMC,ABSLAMC.NS,NSE
ACC,ACC.NS,NSE
ACCELYA,ACCELYA.NS,NSE
ACCURACY,ACCURACY.NS,NSE
ACE,ACE.NS,NSE
ACEINTEG,ACEINTEG.NS,NSE
ACI,ACI.NS,NSE
ACL,ACL.NS,NSE
ACLGATI,ACLGATI.NS,NSE
ACMESOLAR,ACMESOLAR.NS,NSE
ACUTAAS,ACUTAAS.NS,NSE
ADANIENSOL,ADANIENSOL.NS,NSE
ADANIENT,ADANIENT.NS,NSE
ADANIGREEN,ADANIGREEN.NS,NSE
ADANIPORTS,ADANIPORTS.NS,NSE
ADANIPOWER,ADANIPOWER.NS,NSE
ADFFOODS,ADFFOODS.NS,NSE
ADL,ADL.NS,NSE
ADOR,ADOR.NS,NSE
ADROITINFO,ADROITINFO.NS,NSE
ADSL,ADSL.NS,NSE
ADVANIHOTR,ADVANIHOTR.NS,NSE
ADVENZYMES,ADVENZYMES.NS,NSE
AEGISLOG,AEGISLOG.NS,NSE
AEGISVOPAK,AEGISVOPAK.NS,NSE
AEROENTER,AEROENTER.NS,NSE
AEROFLEX,AEROFLEX.NS,NSE
AETHER,AETHER.NS,NSE
AFCONS,AFCONS.NS,NSE
AFFLE,AFFLE.NS,NSE
AFFORDABLE,AFFORDABLE.NS,NSE
AFIL,AFIL.NS,NSE
AFSL,AFSL.NS,NSE
AGARIND,AGARIND.NS,NSE
AGARWALEYE,AGARWALEYE.NS,NSE
AGI,AGI.NS,NSE
AGIIL,AGIIL.NS,NSE
AGRITECH,AGRITECH.NS,NSE
AGROPHOS,AGROPHOS.NS,NSE
AGSTRA,AGSTRA.NS,NSE
AHLADA,AHLADA.NS,NSE
AHLEAST,AHLEAST.NS,NSE
AHLUCONT,AHLUCONT.NS,NSE
AIAENG,AIAENG.NS,NSE
AIIL,AIIL.NS,NSE
AIRAN,AIRAN.NS,NSE
AIROLAM,AIROLAM.NS,NSE
AJANTPHARM,AJANTPHARM.NS,NSE
AJAXENGG,AJAXENGG.NS,NSE
AJMERA,AJMERA.NS,NSE
AJOONI,AJOONI.NS,NSE
AKASH,AKASH.NS,NSE
AKG,AKG.NS,NSE
AKI,AKI.NS,NSE
AKSHAR,AKSHAR.NS,NSE
AKSHARCHEM,AKSHARCHEM.NS,NSE
AKSHOPTFBR,AKSHOPTFBR.NS,NSE
AKUMS,AKUMS.NS,NSE
AKZOINDIA,AKZOINDIA.NS,NSE
ALANKIT,ALANKIT.NS,NSE
ALBERTDAVD,ALBERTDAVD.NS,NSE
ALEMBICLTD,ALEMBICLTD.NS,NSE
ALICON,ALICON.NS,NSE
ALIVUS,ALIVUS.NS,NSE
ALKALI,ALKALI.NS,NSE
ALKEM,ALKEM.NS,NSE
ALKYLAMINE,ALKYLAMINE.NS,NSE
ALLCARGO,ALLCARGO.NS,NSE
ALLDIGI,ALLDIGI.NS,NSE
ALLTIME,ALLTIME.NS,NSE
ALMONDZ,ALMONDZ.NS,NSE
ALOKINDS,ALOKINDS.NS,NSE
ALPA,ALPA.NS,NSE
ALPHAGEO,ALPHAGEO.NS,NSE
ALPSINDUS,ALPSINDUS.NS,NSE
AMBER,AMBER.NS,NSE
AMBICAAGAR,AMBICAAGAR.NS,NSE
AMBIKCO,AMBIKCO.NS,NSE
AMBUJACEM,AMBUJACEM.NS,NSE
AMDIND,AMDIND.NS,NSE
AMJLAND,AMJLAND.NS,NSE
AMNPLST,AMNPLST.NS,NSE
AMRUTANJAN,AMRUTANJAN.NS,NSE
ANANDRATHI,ANANDRATHI.NS,NSE
ANANTRAJ,ANANTRAJ.NS,NSE
ANDHRAPAP,ANDHRAPAP.NS,NSE
ANDHRSUGAR,ANDHRSUGAR.NS,NSE
ANGELONE,ANGELONE.NS,NSE
ANIKINDS,ANIKINDS.NS,NSE
ANKITMETAL,ANKITMETAL.NS,NSE
ANMOL,ANMOL.NS,NSE
ANSALAPI,ANSALAPI.NS,NSE
ANTGRAPHIC,ANTGRAPHIC.NS,NSE
ANTHEM,ANTHEM.NS,NSE
ANUHPHR,ANUHPHR.NS,NSE
ANUP,ANUP.NS,NSE
ANURAS,ANURAS.NS,NSE
APARINDS,APARINDS.NS,NSE
APCL,APCL.NS,NSE
APCOTEXIND,APCOTEXIND.NS,NSE
APEX,APEX.NS,NSE
APLAPOLLO,APLAPOLLO.NS,NSE
APLLTD,APLLTD.NS,NSE
APOLLO,APOLLO.NS,NSE
APOLLOHOSP,APOLLOHOSP.NS,NSE
APOLLOPIPE,APOLLOPIPE.NS,NSE
APOLLOTYRE,APOLLOTYRE.NS,NSE
APOLSINHOT,APOLSINHOT.NS,NSE
APTECHT,APTECHT.NS,NSE
APTUS,APTUS.NS,NSE
ARCHIDPLY,ARCHIDPLY.NS,NSE
ARCHIES,ARCHIES.NS,NSE
ARE&M,ARE&M.NS,NSE
ARENTERP,ARENTERP.NS,NSE
ARFIN,ARFIN.NS,NSE
ARIES,ARIES.NS,NSE
ARIHANTCAP,ARIHANTCAP.NS,NSE
ARIHANTSUP,ARIHANTSUP.NS,NSE
ARISINFRA,ARISINFRA.NS,NSE
ARKADE,ARKADE.NS,NSE
ARMANFIN,ARMANFIN.NS,NSE
AROGRANITE,AROGRANITE.NS,NSE
ARROWGREEN,ARROWGREEN.NS,NSE
ARSSINFRA,ARSSINFRA.NS,NSE
ARTEMISMED,ARTEMISMED.NS,NSE
ARTNIRMAN,ARTNIRMAN.NS,NSE
ARVEE,ARVEE.NS,NSE
ARVIND,ARVIND.NS,NSE
ARVINDFASN,ARVINDFASN.NS,NSE
ARVSMART,ARVSMART.NS,NSE
ASAHIINDIA,ASAHIINDIA.NS,NSE
ASAHISONG,ASAHISONG.NS,NSE
ASAL,ASAL.NS,NSE
ASALCBR,ASALCBR.NS,NSE
ASHAPURMIN,ASHAPURMIN.NS,NSE
ASHIANA,ASHIANA.NS,NSE
ASHIMASYN,ASHIMASYN.NS,NSE
ASHOKA,ASHOKA.NS,NSE
ASHOKAMET,ASHOKAMET.NS,NSE
ASHOKLEY,ASHOKLEY.NS,NSE
ASIANENE,ASIANENE.NS,NSE
ASIANHOTNR,ASIANHOTNR.NS,NSE
ASIANPAINT,ASIANPAINT.NS,NSE
ASIANTILES,ASIANTILES.NS,NSE
ASKAUTOLTD,ASKAUTOLTD.NS,NSE
ASMS,ASMS.NS,NSE
ASPINWALL,ASPINWALL.NS,NSE
ASTEC,ASTEC.NS,NSE
ASTERDM,ASTERDM.NS,NSE
ASTRAL,ASTRAL.NS,NSE
ASTRAMICRO,ASTRAMICRO.NS,NSE
ASTRAZEN,ASTRAZEN.NS,NSE
ASTRON,ASTRON.NS,NSE
ATALREAL,ATALREAL.NS,NSE
ATAM,ATAM.NS,NSE
ATGL,ATGL.NS,NSE
ATHERENERG,ATHERENERG.NS,NSE
ATL,ATL.NS,NSE
ATLANTAA,ATLANTAA.NS,NSE
ATLASCYCLE,ATLASCYCLE.NS,NSE
ATUL,ATUL.NS,NSE
ATULAUTO,ATULAUTO.NS,NSE
AUBANK,AUBANK.NS,NSE
AURIONPRO,AURIONPRO.NS,NSE
AUROPHARMA,AUROPHARMA.NS,NSE
AURUM,AURUM.NS,NSE
AUSOMENT,AUSOMENT.NS,NSE
AUTOAXLES,AUTOAXLES.NS,NSE
AUTOIND,AUTOIND.NS,NSE
AVADHSUGAR,AVADHSUGAR.NS,NSE
AVALON,AVALON.NS,NSE
AVANTEL,AVANTEL.NS,NSE
AVANTIFEED,AVANTIFEED.NS,NSE
AVG,AVG.NS,NSE
AVL,AVL.NS,NSE
AVONMORE,AVONMORE.NS,NSE
AVROIND,AVROIND.NS,NSE
AVTNPL,AVTNPL.NS,NSE
AWFIS,AWFIS.NS,NSE
AWHCL,AWHCL.NS,NSE
AWL,AWL.NS,NSE
AXISBANK,AXISBANK.NS,NSE
AXISCADES,AXISCADES.NS,NSE
AXITA,AXITA.NS,NSE
AYMSYNTEX,AYMSYNTEX.NS,NSE
AZAD,AZAD.NS,NSE
BAFNAPH,BAFNAPH.NS,NSE
BAGFILMS,BAGFILMS.NS,NSE
BAIDFIN,BAIDFIN.NS,NSE
BAJAJ-AUTO,BAJAJ-AUTO.NS,NSE
BAJAJCON,BAJAJCON.NS,NSE
BAJAJELEC,BAJAJELEC.NS,NSE
BAJAJFINSV,BAJAJFINSV.NS,NSE
BAJAJHCARE,BAJAJHCARE.NS,NSE
BAJAJHFL,BAJAJHFL.NS,NSE
BAJAJHIND,BAJAJHIND.NS,NSE
BAJAJHLDNG,BAJAJHLDNG.NS,NSE
BAJAJINDEF,BAJAJINDEF.NS,NSE
BAJEL,BAJEL.NS,NSE
BAJFINANCE,BAJFINANCE.NS,NSE
BALAJEE,BALAJEE.NS,NSE
BALAJITELE,BALAJITELE.NS,NSE
BALAMINES,BALAMINES.NS,NSE
BALAXI,BALAXI.NS,NSE
BALKRISHNA,BALKRISHNA.NS,NSE
BALKRISIND,BALKRISIND.NS,NSE
BALMLAWRIE,BALMLAWRIE.NS,NSE
BALPHARMA,BALPHARMA.NS,NSE
BALRAMCHIN,BALRAMCHIN.NS,NSE
BALUFORGE,BALUFORGE.NS,NSE
BANARBEADS,BANARBEADS.NS,NSE
BANARISUG,BANARISUG.NS,NSE
BANCOINDIA,BANCOINDIA.NS,NSE
BANDHANBNK,BANDHANBNK.NS,NSE
BANG,BANG.NS,NSE
BANKA,BANKA.NS,NSE
BANKBARODA,BANKBARODA.NS,NSE
BANKINDIA,BANKINDIA.NS,NSE
BANSALWIRE,BANSALWIRE.NS,NSE
BANSWRAS,BANSWRAS.NS,NSE
BARBEQUE,BARBEQUE.NS,NSE
BASF,BASF.NS,NSE
BASML,BASML.NS,NSE
BATAINDIA,BATAINDIA.NS,NSE
BAYERCROP,BAYERCROP.NS,NSE
BBL,BBL.NS,NSE
BBOX,BBOX.NS,NSE
BBTC,BBTC.NS,NSE
BBTCL,BBTCL.NS,NSE
BCG,BCG.NS,NSE
BCLIND,BCLIND.NS,NSE
BCONCEPTS,BCONCEPTS.NS,NSE
BDL,BDL.NS,NSE
BEARDSELL,BEARDSELL.NS,NSE
BECTORFOOD,BECTORFOOD.NS,NSE
BEDMUTHA,BEDMUTHA.NS,NSE
BEL,BEL.NS,NSE
BELLACASA,BELLACASA.NS,NSE
BELRISE,BELRISE.NS,NSE
BEML,BEML.NS,NSE
BEPL,BEPL.NS,NSE
BERGEPAINT,BERGEPAINT.NS,NSE
BESTAGRO,BESTAGRO.NS,NSE
BFINVEST,BFINVEST.NS,NSE
BFUTILITIE,BFUTILITIE.NS,NSE
BGRENERGY,BGRENERGY.NS,NSE
BHAGCHEM,BHAGCHEM.NS,NSE
BHAGERIA,BHAGERIA.NS,NSE
BHAGYANGR,BHAGYANGR.NS,NSE
BHANDARI,BHANDARI.NS,NSE
BHARATFORG,BHARATFORG.NS,NSE
BHARATGEAR,BHARATGEAR.NS,NSE
BHARATRAS,BHARATRAS.NS,NSE
BHARATSE,BHARATSE.NS,NSE
BHARATWIRE,BHARATWIRE.NS,NSE
BHARTIARTL,BHARTIARTL.NS,NSE
BHARTIHEXA,BHARTIHEXA.NS,NSE
BHEL,BHEL.NS,NSE
BIGBLOC,BIGBLOC.NS,NSE
BIKAJI,BIKAJI.NS,NSE
BIL,BIL.NS,NSE
BILVYAPAR,BILVYAPAR.NS,NSE
BIOCON,BIOCON.NS,NSE
BIOFILCHEM,BIOFILCHEM.NS,NSE
BIRLACABLE,BIRLACABLE.NS,NSE
BIRLACORPN,BIRLACORPN.NS,NSE
BIRLAMONEY,BIRLAMONEY.NS,NSE
BIRLANU,BIRLANU.NS,NSE
BLACKBUCK,BLACKBUCK.NS,NSE
BLAL,BLAL.NS,NSE
BLBLIMITED,BLBLIMITED.NS,NSE
BLISSGVS,BLISSGVS.NS,NSE
BLKASHYAP,BLKASHYAP.NS,NSE
BLS,BLS.NS,NSE
BLSE,BLSE.NS,NSE
BLUECOAST,BLUECOAST.NS,NSE
BLUEDART,BLUEDART.NS,NSE
BLUEJET,BLUEJET.NS,NSE
BLUESTARCO,BLUESTARCO.NS,NSE
BLUSPRING,BLUSPRING.NS,NSE
BODALCHEM,BODALCHEM.NS,NSE
BOHRAIND,BOHRAIND.NS,NSE
BOMDYEING,BOMDYEING.NS,NSE
BORANA,BORANA.NS,NSE
BOROLTD,BOROLTD.NS,NSE
BORORENEW,BORORENEW.NS,NSE
BOROSCI,BOROSCI.NS,NSE
BOSCHLTD,BOSCHLTD.NS,NSE
BPCL,BPCL.NS,NSE
BPL,BPL.NS,NSE
BRIGADE,BRIGADE.NS,NSE
BRIGHOTEL,BRIGHOTEL.NS,NSE
BRITANNIA,BRITANNIA.NS,NSE
BRNL,BRNL.NS,NSE
BROOKS,BROOKS.NS,NSE
BSE,BSE.NS,NSE
BSHSL,BSHSL.NS,NSE
BSL,BSL.NS,NSE
BSOFT,BSOFT.NS,NSE
BTML,BTML.NS,NSE
BUTTERFLY,BUTTERFLY.NS,NSE
BVCL,BVCL.NS,NSE
BYKE,BYKE.NS,NSE
CALSOFT,CALSOFT.NS,NSE
CAMLINFINE,CAMLINFINE.NS,NSE
CAMPUS,CAMPUS.NS,NSE
CAMS,CAMS.NS,NSE
CANBK,CANBK.NS,NSE
CANFINHOME,CANFINHOME.NS,NSE
CANTABIL,CANTABIL.NS,NSE
CAPACITE,CAPACITE.NS,NSE
CAPITALSFB,CAPITALSFB.NS,NSE
CAPLIPOINT,CAPLIPOINT.NS,NSE
CAPTRUST,CAPTRUST.NS,NSE
CARBORUNIV,CARBORUNIV.NS,NSE
CARERATING,CARERATING.NS,NSE
CARRARO,CARRARO.NS,NSE
CARTRADE,CARTRADE.NS,NSE
CARYSIL,CARYSIL.NS,NSE
CASTROLIND,CASTROLIND.NS,NSE
CCCL,CCCL.NS,NSE
CCHHL,CCHHL.NS,NSE
CCL,CCL.NS,NSE
CDSL,CDSL.NS,NSE
CEATLTD,CEATLTD.NS,NSE
CEIGALL,CEIGALL.NS,NSE
CELEBRITY,CELEBRITY.NS,NSE
CELLO,CELLO.NS,NSE
CENTENKA,CENTENKA.NS,NSE
CENTEXT,CENTEXT.NS,NSE
CENTRALBK,CENTRALBK.NS,NSE
CENTRUM,CENTRUM.NS,NSE
CENTUM,CENTUM.NS,NSE
CENTURYPLY,CENTURYPLY.NS,NSE
CERA,CERA.NS,NSE
CEREBRAINT,CEREBRAINT.NS,NSE
CESC,CESC.NS,NSE
CEWATER,CEWATER.NS,NSE
CGCL,CGCL.NS,NSE
CGPOWER,CGPOWER.NS,NSE
CHALET,CHALET.NS,NSE
CHAMBLFERT,CHAMBLFERT.NS,NSE
CHEMBOND,CHEMBOND.NS,NSE
CHEMBONDCH,CHEMBONDCH.NS,NSE
CHEMCON,CHEMCON.NS,NSE
CHEMFAB,CHEMFAB.NS,NSE
CHEMPLASTS,CHEMPLASTS.NS,NSE
CHENNPETRO,CHENNPETRO.NS,NSE
CHEVIOT,CHEVIOT.NS,NSE
CHOICEIN,CHOICEIN.NS,NSE
CHOLAFIN,CHOLAFIN.NS,NSE
CHOLAHLDNG,CHOLAHLDNG.NS,NSE
CIEINDIA,CIEINDIA.NS,NSE
CIFL,CIFL.NS,NSE
CIGNITITEC,CIGNITITEC.NS,NSE
CINELINE,CINELINE.NS,NSE
CINEVISTA,CINEVISTA.NS,NSE
CIPLA,CIPLA.NS,NSE
CLEAN,CLEAN.NS,NSE
CLEDUCATE,CLEDUCATE.NS,NSE
CLSEL,CLSEL.NS,NSE
CMSINFO,CMSINFO.NS,NSE
COALINDIA,COALINDIA.NS,NSE
COASTCORP,COASTCORP.NS,NSE
COCHINSHIP,COCHINSHIP.NS,NSE
COFFEEDAY,COFFEEDAY.NS,NSE
COFORGE,COFORGE.NS,NSE
COHANCE,COHANCE.NS,NSE
COLPAL,COLPAL.NS,NSE
COMPUSOFT,COMPUSOFT.NS,NSE
COMSYN,COMSYN.NS,NSE
CONCOR,CONCOR.NS,NSE
CONCORDBIO,CONCORDBIO.NS,NSE
CONFIPET,CONFIPET.NS,NSE
CONSOFINVT,CONSOFINVT.NS,NSE
CONTROLPR,CONTROLPR.NS,NSE
CORALFINAC,CORALFINAC.NS,NSE
CORDSCABLE,CORDSCABLE.NS,NSE
COROMANDEL,COROMANDEL.NS,NSE
COSMOFIRST,COSMOFIRST.NS,NSE
COUNCODOS,COUNCODOS.NS,NSE
CPCAP,CPCAP.NS,NSE
CPPLUS,CPPLUS.NS,NSE
CRAFTSMAN,CRAFTSMAN.NS,NSE
CREATIVE,CREATIVE.NS,NSE
CREATIVEYE,CREATIVEYE.NS,NSE
CREDITACC,CREDITACC.NS,NSE
CREST,CREST.NS,NSE
CRISIL,CRISIL.NS,NSE
CRIZAC,CRIZAC.NS,NSE
CROMPTON,CROMPTON.NS,NSE
CROWN,CROWN.NS,NSE
CSBBANK,CSBBANK.NS,NSE
CSLFINANCE,CSLFINANCE.NS,NSE
CTE,CTE.NS,NSE
CUB,CUB.NS,NSE
CUBEXTUB,CUBEXTUB.NS,NSE
CUMMINSIND,CUMMINSIND.NS,NSE
CUPID,CUPID.NS,NSE
CURAA,CURAA.NS,NSE
CYBER-RE,CYBER-RE.NS,NSE
CYBERMEDIA,CYBERMEDIA.NS,NSE
CYBERTECH,CYBERTECH.NS,NSE
CYIENT,CYIENT.NS,NSE
CYIENTDLM,CYIENTDLM.NS,NSE
DABUR,DABUR.NS,NSE
DALBHARAT,DALBHARAT.NS,NSE
DALMIASUG,DALMIASUG.NS,NSE
DAMCAPITAL,DAMCAPITAL.NS,NSE
DAMODARIND,DAMODARIND.NS,NSE
DANGEE,DANGEE.NS,NSE
DATAMATICS,DATAMATICS.NS,NSE
DATAPATTNS,DATAPATTNS.NS,NSE
DAVAN-RE1,DAVAN-RE1.NS,NSE
DAVANGERE,DAVANGERE.NS,NSE
DBCORP,DBCORP.NS,NSE
DBEIL,DBEIL.NS,NSE
DBL,DBL.NS,NSE
DBOL,DBOL.NS,NSE
DBREALTY,DBREALTY.NS,NSE
DBSTOCKBRO,DBSTOCKBRO.NS,NSE
DCAL,DCAL.NS,NSE
DCBBANK,DCBBANK.NS,NSE
DCI,DCI.NS,NSE
DCM,DCM.NS,NSE
DCMFINSERV,DCMFINSERV.NS,NSE
DCMNVL,DCMNVL.NS,NSE
DCMSHRIRAM,DCMSHRIRAM.NS,NSE
DCMSRIND,DCMSRIND.NS,NSE
DCW,DCW.NS,NSE
DCXINDIA,DCXINDIA.NS,NSE
DDEVPLSTIK,DDEVPLSTIK.NS,NSE
DECCANCE,DECCANCE.NS,NSE
DEEDEV,DEEDEV.NS,NSE
DEEPAKFERT,DEEPAKFERT.NS,NSE
DEEPAKNTR,DEEPAKNTR.NS,NSE
DEEPINDS,DEEPINDS.NS,NSE
DELHIVERY,DELHIVERY.NS,NSE
DELPHIFX,DELPHIFX.NS,NSE
DELTACORP,DELTACORP.NS,NSE
DELTAMAGNT,DELTAMAGNT.NS,NSE
DEN,DEN.NS,NSE
DENORA,DENORA.NS,NSE
DENTA,DENTA.NS,NSE
DEVIT,DEVIT.NS,NSE
DEVYANI,DEVYANI.NS,NSE
DGCONTENT,DGCONTENT.NS,NSE
DHAMPURSUG,DHAMPURSUG.NS,NSE
DHANBANK,DHANBANK.NS,NSE
DHANI,DHANI.NS,NSE
DHANUKA,DHANUKA.NS,NSE
DHARAN,DHARAN.NS,NSE
DHARMAJ,DHARMAJ.NS,NSE
DHRUV,DHRUV.NS,NSE
DHUNINV,DHUNINV.NS,NSE
DIACABS,DIACABS.NS,NSE
DIAMINESQ,DIAMINESQ.NS,NSE
DIAMONDYD,DIAMONDYD.NS,NSE
DICIND,DICIND.NS,NSE
DIFFNKG,DIFFNKG.NS,NSE
DIGIDRIVE,DIGIDRIVE.NS,NSE
DIGISPICE,DIGISPICE.NS,NSE
DIGITIDE,DIGITIDE.NS,NSE
DIGJAMLMTD,DIGJAMLMTD.NS,NSE
DIL,DIL.NS,NSE
DISHTV,DISHTV.NS,NSE
DIVGIITTS,DIVGIITTS.NS,NSE
DIVISLAB,DIVISLAB.NS,NSE
DIXON,DIXON.NS,NSE
DJML,DJML.NS,NSE
DLF,DLF.NS,NSE
DLINKINDIA,DLINKINDIA.NS,NSE
DMART,DMART.NS,NSE
DMCC,DMCC.NS,NSE
DNAMEDIA,DNAMEDIA.NS,NSE
DODLA,DODLA.NS,NSE
DOLATALGO,DOLATALGO.NS,NSE
DOLLAR,DOLLAR.NS,NSE
DOLPHIN,DOLPHIN.NS,NSE
DOMS,DOMS.NS,NSE
DONEAR,DONEAR.NS,NSE
DPABHUSHAN,DPABHUSHAN.NS,NSE
DPSCLTD,DPSCLTD.NS,NSE
DPWIRES,DPWIRES.NS,NSE
DRCSYSTEMS,DRCSYSTEMS.NS,NSE
DREAMFOLKS,DREAMFOLKS.NS,NSE
DREDGECORP,DREDGECORP.NS,NSE
DRREDDY,DRREDDY.NS,NSE
DSSL,DSSL.NS,NSE
DTIL,DTIL.NS,NSE
DUCON,DUCON.NS,NSE
DVL,DVL.NS,NSE
DWARKESH,DWARKESH.NS,NSE
DYCL,DYCL.NS,NSE
DYNAMATECH,DYNAMATECH.NS,NSE
DYNPRO,DYNPRO.NS,NSE
E2E,E2E.NS,NSE
EASEMYTRIP,EASEMYTRIP.NS,NSE
EBGNG,EBGNG.NS,NSE
ECLERX,ECLERX.NS,NSE
ECOSMOBLTY,ECOSMOBLTY.NS,NSE
EDELWEISS,EDELWEISS.NS,NSE
EICHERMOT,EICHERMOT.NS,NSE
EIDPARRY,EIDPARRY.NS,NSE
EIEL,EIEL.NS,NSE
EIFFL,EIFFL.NS,NSE
EIHAHOTELS,EIHAHOTELS.NS,NSE
EIHOTEL,EIHOTEL.NS,NSE
EIMCOELECO,EIMCOELECO.NS,NSE
EKC,EKC.NS,NSE
ELDEHSG,ELDEHSG.NS,NSE
ELECON,ELECON.NS,NSE
ELECTCAST,ELECTCAST.NS,NSE
ELECTHERM,ELECTHERM.NS,NSE
ELGIEQUIP,ELGIEQUIP.NS,NSE
ELGIRUBCO,ELGIRUBCO.NS,NSE
ELIN,ELIN.NS,NSE
ELLEN,ELLEN.NS,NSE
EMAMILTD,EMAMILTD.NS,NSE
EMAMIPAP,EMAMIPAP.NS,NSE
EMAMIREAL,EMAMIREAL.NS,NSE
EMBDL,EMBDL.NS,NSE
EMCURE,EMCURE.NS,NSE
EMIL,EMIL.NS,NSE
EMKAY,EMKAY.NS,NSE
EMMBI,EMMBI.NS,NSE
EMSLIMITED,EMSLIMITED.NS,NSE
EMUDHRA,EMUDHRA.NS,NSE
ENDURANCE,ENDURANCE.NS,NSE
ENERGYDEV,ENERGYDEV.NS,NSE
ENGINERSIN,ENGINERSIN.NS,NSE
ENIL,ENIL.NS,NSE
ENRIN,ENRIN.NS,NSE
ENTERO,ENTERO.NS,NSE
EPACK,EPACK.NS,NSE
EPIGRAL,EPIGRAL.NS,NSE
EPL,EPL.NS,NSE
EQUIPPP,EQUIPPP.NS,NSE
EQUITASBNK,EQUITASBNK.NS,NSE
ERIS,ERIS.NS,NSE
ESABINDIA,ESABINDIA.NS,NSE
ESAFSFB,ESAFSFB.NS,NSE
ESCORTS,ESCORTS.NS,NSE
ESSARSHPNG,ESSARSHPNG.NS,NSE
ESSENTIA,ESSENTIA.NS,NSE
ESTER,ESTER.NS,NSE
ETERNAL,ETERNAL.NS,NSE
ETHOSLTD,ETHOSLTD.NS,NSE
EUREKAFORB,EUREKAFORB.NS,NSE
EUROBOND,EUROBOND.NS,NSE
EUROTEXIND,EUROTEXIND.NS,NSE
EVEREADY,EVEREADY.NS,NSE
EVERESTIND,EVERESTIND.NS,NSE
EXCEL,EXCEL.NS,NSE
EXCELINDUS,EXCELINDUS.NS,NSE
EXICOM,EXICOM.NS,NSE
EXIDEIND,EXIDEIND.NS,NSE
EXPLEOSOL,EXPLEOSOL.NS,NSE
EXXARO,EXXARO.NS,NSE
FACT,FACT.NS,NSE
FAIRCHEMOR,FAIRCHEMOR.NS,NSE
FAZE3Q,FAZE3Q.NS,NSE
FCL,FCL.NS,NSE
FCSSOFT,FCSSOFT.NS,NSE
FDC,FDC.NS,NSE
FEDERALBNK,FEDERALBNK.NS,NSE
FEDFINA,FEDFINA.NS,NSE
FEL,FEL.NS,NSE
FELDVR,FELDVR.NS,NSE
FIBERWEB,FIBERWEB.NS,NSE
FIEMIND,FIEMIND.NS,NSE
FILATEX,FILATEX.NS,NSE
FILATFASH,FILATFASH.NS,NSE
FINCABLES,FINCABLES.NS,NSE
FINEORG,FINEORG.NS,NSE
FINOPB,FINOPB.NS,NSE
FINPIPE,FINPIPE.NS,NSE
FIRSTCRY,FIRSTCRY.NS,NSE
FISCHER,FISCHER.NS,NSE
FIVESTAR,FIVESTAR.NS,NSE
FLAIR,FLAIR.NS,NSE
FLEXITUFF,FLEXITUFF.NS,NSE
FLUOROCHEM,FLUOROCHEM.NS,NSE
FMGOETZE,FMGOETZE.NS,NSE
FMNL,FMNL.NS,NSE
FOCUS,FOCUS.NS,NSE
FOODSIN,FOODSIN.NS,NSE
FORCEMOT,FORCEMOT.NS,NSE
FORTIS,FORTIS.NS,NSE
FOSECOIND,FOSECOIND.NS,NSE
FSL,FSL.NS,NSE
FUSION,FUSION.NS,NSE
GABRIEL,GABRIEL.NS,NSE
GAEL,GAEL.NS,NSE
GAIL,GAIL.NS,NSE
GALAPREC,GALAPREC.NS,NSE
GALAXYSURF,GALAXYSURF.NS,NSE
GALLANTT,GALLANTT.NS,NSE
GANDHAR,GANDHAR.NS,NSE
GANDHITUBE,GANDHITUBE.NS,NSE
GANECOS,GANECOS.NS,NSE
GANESHBE,GANESHBE.NS,NSE
GANESHHOUC,GANESHHOUC.NS,NSE
GANGAFORGE,GANGAFORGE.NS,NSE
GANGESSECU,GANGESSECU.NS,NSE
GARFIBRES,GARFIBRES.NS,NSE
GARUDA,GARUDA.NS,NSE
GATECH,GATECH.NS,NSE
GATECHDVR,GATECHDVR.NS,NSE
GATEWAY,GATEWAY.NS,NSE
GAYAHWS,GAYAHWS.NS,NSE
GAYAPROJ,GAYAPROJ.NS,NSE
GEECEE,GEECEE.NS,NSE
GEEKAYWIRE,GEEKAYWIRE.NS,NSE
GENCON,GENCON.NS,NSE
GENESYS,GENESYS.NS,NSE
GENUSPAPER,GENUSPAPER.NS,NSE
GENUSPOWER,GENUSPOWER.NS,NSE
GEOJITFSL,GEOJITFSL.NS,NSE
GEPIL,GEPIL.NS,NSE
GESHIP,GESHIP.NS,NSE
GFLLIMITED,GFLLIMITED.NS,NSE
GHCL,GHCL.NS,NSE
GHCLTEXTIL,GHCLTEXTIL.NS,NSE
GICHSGFIN,GICHSGFIN.NS,NSE
GICRE,GICRE.NS,NSE
GILLANDERS,GILLANDERS.NS,NSE
GILLETTE,GILLETTE.NS,NSE
GINNIFILA,GINNIFILA.NS,NSE
GIPCL,GIPCL.NS,NSE
GKWLIMITED,GKWLIMITED.NS,NSE
GLAND,GLAND.NS,NSE
GLAXO,GLAXO.NS,NSE
GLENMARK,GLENMARK.NS,NSE
GLFL,GLFL.NS,NSE
GLOBAL,GLOBAL.NS,NSE
GLOBALE,GLOBALE.NS,NSE
GLOBALVECT,GLOBALVECT.NS,NSE
GLOBE,GLOBE.NS,NSE
GLOBECIVIL,GLOBECIVIL.NS,NSE
GLOBUSSPR,GLOBUSSPR.NS,NSE
GLOSTERLTD,GLOSTERLTD.NS,NSE
GMBREW,GMBREW.NS,NSE
GMDCLTD,GMDCLTD.NS,NSE
GMMPFAUDLR,GMMPFAUDLR.NS,NSE
GMRAIRPORT,GMRAIRPORT.NS,NSE
GMRP&UI,GMRP&UI.NS,NSE
GNA,GNA.NS,NSE
GNFC,GNFC.NS,NSE
GOACARBON,GOACARBON.NS,NSE
GOCLCORP,GOCLCORP.NS,NSE
GOCOLORS,GOCOLORS.NS,NSE
GODAVARIB,GODAVARIB.NS,NSE
GODFRYPHLP,GODFRYPHLP.NS,NSE
GODHA,GODHA.NS,NSE
GODIGIT,GODIGIT.NS,NSE
GODREJAGRO,GODREJAGRO.NS,NSE
GODREJCP,GODREJCP.NS,NSE
GODREJIND,GODREJIND.NS,NSE
GODREJPROP,GODREJPROP.NS,NSE
GOENKA,GOENKA.NS,NSE
GOKEX,GOKEX.NS,NSE
GOKUL,GOKUL.NS,NSE
GOKULAGRO,GOKULAGRO.NS,NSE
GOLDENTOBC,GOLDENTOBC.NS,NSE
GOLDIAM,GOLDIAM.NS,NSE
GOLDTECH,GOLDTECH.NS,NSE
GOODLUCK,GOODLUCK.NS,NSE
GOPAL,GOPAL.NS,NSE
GOYALALUM,GOYALALUM.NS,NSE
GPIL,GPIL.NS,NSE
GPPL,GPPL.NS,NSE
GPTHEALTH,GPTHEALTH.NS,NSE
GPTINFRA,GPTINFRA.NS,NSE
GRANULES,GRANULES.NS,NSE
GRAPHITE,GRAPHITE.NS,NSE
GRASIM,GRASIM.NS,NSE
GRAVITA,GRAVITA.NS,NSE
GREAVESCOT,GREAVESCOT.NS,NSE
GREENLAM,GREENLAM.NS,NSE
GREENPANEL,GREENPANEL.NS,NSE
GREENPLY,GREENPLY.NS,NSE
GREENPOWER,GREENPOWER.NS,NSE
GRINDWELL,GRINDWELL.NS,NSE
GRINFRA,GRINFRA.NS,NSE
GRMOVER,GRMOVER.NS,NSE
GROBTEA,GROBTEA.NS,NSE
GRPLTD,GRPLTD.NS,NSE
GRSE,GRSE.NS,NSE
GRWRHITECH,GRWRHITECH.NS,NSE
GSFC,GSFC.NS,NSE
GSLSU,GSLSU.NS,NSE
GSPL,GSPL.NS,NSE
GSS,GSS.NS,NSE
GTECJAINX,GTECJAINX.NS,NSE
GTL,GTL.NS,NSE
GTLINFRA,GTLINFRA.NS,NSE
GTPL,GTPL.NS,NSE
GUFICBIO,GUFICBIO.NS,NSE
GUJALKALI,GUJALKALI.NS,NSE
GUJAPOLLO,GUJAPOLLO.NS,NSE
GUJGASLTD,GUJGASLTD.NS,NSE
GUJRAFFIA,GUJRAFFIA.NS,NSE
GUJTHEM,GUJTHEM.NS,NSE
GULFOILLUB,GULFOILLUB.NS,NSE
GULFPETRO,GULFPETRO.NS,NSE
GULPOLY,GULPOLY.NS,NSE
GVKPIL,GVKPIL.NS,NSE
GVPTECH,GVPTECH.NS,NSE
GVT&D,GVT&D.NS,NSE
HAL,HAL.NS,NSE
HAPPSTMNDS,HAPPSTMNDS.NS,NSE
HAPPYFORGE,HAPPYFORGE.NS,NSE
HARDWYN,HARDWYN.NS,NSE
HARIOMPIPE,HARIOMPIPE.NS,NSE
HARRMALAYA,HARRMALAYA.NS,NSE
HARSHA,HARSHA.NS,NSE
HATHWAY,HATHWAY.NS,NSE
HATSUN,HATSUN.NS,NSE
HAVELLS,HAVELLS.NS,NSE
HAVISHA,HAVISHA.NS,NSE
HBLENGINE,HBLENGINE.NS,NSE
HBSL,HBSL.NS,NSE
HCC,HCC.NS,NSE
HCG,HCG.NS,NSE
HCL-INSYS,HCL-INSYS.NS,NSE
HCLTECH,HCLTECH.NS,NSE
HDBFS,HDBFS.NS,NSE
HDFCAMC,HDFCAMC.NS,NSE
HDFCBANK,HDFCBANK.NS,NSE
HDFCLIFE,HDFCLIFE.NS,NSE
HDIL,HDIL.NS,NSE
HEADSUP,HEADSUP.NS,NSE
HECPROJECT,HECPROJECT.NS,NSE
HEG,HEG.NS,NSE
HEIDELBERG,HEIDELBERG.NS,NSE
HEMIPROP,HEMIPROP.NS,NSE
HERANBA,HERANBA.NS,NSE
HERCULES,HERCULES.NS,NSE
HERITGFOOD,HERITGFOOD.NS,NSE
HEROMOTOCO,HEROMOTOCO.NS,NSE
HESTERBIO,HESTERBIO.NS,NSE
HEUBACHIND,HEUBACHIND.NS,NSE
HEXATRADEX,HEXATRADEX.NS,NSE
HEXT,HEXT.NS,NSE
HFCL,HFCL.NS,NSE
HGINFRA,HGINFRA.NS,NSE
HGS,HGS.NS,NSE
HIKAL,HIKAL.NS,NSE
HILINFRA,HILINFRA.NS,NSE
HILTON,HILTON.NS,NSE
HIMATSEIDE,HIMATSEIDE.NS,NSE
HINDALCO,HINDALCO.NS,NSE
HINDCOMPOS,HINDCOMPOS.NS,NSE
HINDCON,HINDCON.NS,NSE
HINDCOPPER,HINDCOPPER.NS,NSE
HINDMOTORS,HINDMOTORS.NS,NSE
HINDNATGLS,HINDNATGLS.NS,NSE
HINDOILEXP,HINDOILEXP.NS,NSE
HINDPETRO,HINDPETRO.NS,NSE
HINDUNILVR,HINDUNILVR.NS,NSE
HINDWAREAP,HINDWAREAP.NS,NSE
HINDZINC,HINDZINC.NS,NSE
HIRECT,HIRECT.NS,NSE
HISARMETAL,HISARMETAL.NS,NSE
HITECH,HITECH.NS,NSE
HITECHCORP,HITECHCORP.NS,NSE
HITECHGEAR,HITECHGEAR.NS,NSE
HLEGLAS,HLEGLAS.NS,NSE
HLVLTD,HLVLTD.NS,NSE
HMAAGRO,HMAAGRO.NS,NSE
HMT,HMT.NS,NSE
HMVL,HMVL.NS,NSE
HNDFDS,HNDFDS.NS,NSE
HOMEFIRST,HOMEFIRST.NS,NSE
HONASA,HONASA.NS,NSE
HONAUT,HONAUT.NS,NSE
HONDAPOWER,HONDAPOWER.NS,NSE
HOVS,HOVS.NS,NSE
HPAL,HPAL.NS,NSE
HPIL,HPIL.NS,NSE
HPL,HPL.NS,NSE
HSCL,HSCL.NS,NSE
HTMEDIA,HTMEDIA.NS,NSE
HUBTOWN,HUBTOWN.NS,NSE
HUDCO,HUDCO.NS,NSE
HUHTAMAKI,HUHTAMAKI.NS,NSE
HYBRIDFIN,HYBRIDFIN.NS,NSE
HYUNDAI,HYUNDAI.NS,NSE
ICDSLTD,ICDSLTD.NS,NSE
ICEMAKE,ICEMAKE.NS,NSE
ICICIBANK,ICICIBANK.NS,NSE
ICICIGI,ICICIGI.NS,NSE
ICICIPRULI,ICICIPRULI.NS,NSE
ICIL,ICIL.NS,NSE
ICRA,ICRA.NS,NSE
IDBI,IDBI.NS,NSE
IDEA,IDEA.NS,NSE
IDEAFORGE,IDEAFORGE.NS,NSE
IDFCFIRSTB,IDFCFIRSTB.NS,NSE
IEL,IEL.NS,NSE
IEX,IEX.NS,NSE
IFBAGRO,IFBAGRO.NS,NSE
IFBIND,IFBIND.NS,NSE
IFCI,IFCI.NS,NSE
IFGLEXPOR,IFGLEXPOR.NS,NSE
IGARASHI,IGARASHI.NS,NSE
IGCL,IGCL.NS,NSE
IGIL,IGIL.NS,NSE
IGL,IGL.NS,NSE
IGPL,IGPL.NS,NSE
IIFL,IIFL.NS,NSE
IIFLCAPS,IIFLCAPS.NS,NSE
IITL,IITL.NS,NSE
IKIO,IKIO.NS,NSE
IKS,IKS.NS,NSE
IL&FSENGG,IL&FSENGG.NS,NSE
IL&FSTRANS,IL&FSTRANS.NS,NSE
IMAGICAA,IMAGICAA.NS,NSE
IMFA,IMFA.NS,NSE
IMPAL,IMPAL.NS,NSE
IMPEXFERRO,IMPEXFERRO.NS,NSE
INCREDIBLE,INCREDIBLE.NS,NSE
INDBANK,INDBANK.NS,NSE
INDGN,INDGN.NS,NSE
INDHOTEL,INDHOTEL.NS,NSE
INDIACEM,INDIACEM.NS,NSE
INDIAGLYCO,INDIAGLYCO.NS,NSE
INDIAMART,INDIAMART.NS,NSE
INDIANB,INDIANB.NS,NSE
INDIANCARD,INDIANCARD.NS,NSE
INDIANHUME,INDIANHUME.NS,NSE
INDIASHLTR,INDIASHLTR.NS,NSE
INDIGO,INDIGO.NS,NSE
INDIGOPNTS,INDIGOPNTS.NS,NSE
INDIQUBE,INDIQUBE.NS,NSE
INDNIPPON,INDNIPPON.NS,NSE
INDOAMIN,INDOAMIN.NS,NSE
INDOBORAX,INDOBORAX.NS,NSE
INDOCO,INDOCO.NS,NSE
INDOFARM,INDOFARM.NS,NSE
INDORAMA,INDORAMA.NS,NSE
INDOSTAR,INDOSTAR.NS,NSE
INDOTECH,INDOTECH.NS,NSE
INDOTHAI,INDOTHAI.NS,NSE
INDOUS,INDOUS.NS,NSE
INDOWIND,INDOWIND.NS,NSE
INDRAMEDCO,INDRAMEDCO.NS,NSE
INDSWFTLAB,INDSWFTLAB.NS,NSE
INDTERRAIN,INDTERRAIN.NS,NSE
INDUSINDBK,INDUSINDBK.NS,NSE
INDUSTOWER,INDUSTOWER.NS,NSE
INFIBEAM,INFIBEAM.NS,NSE
INFOBEAN,INFOBEAN.NS,NSE
INFY,INFY.NS,NSE
INGERRAND,INGERRAND.NS,NSE
INNOVACAP,INNOVACAP.NS,NSE
INNOVANA,INNOVANA.NS,NSE
INOXGREEN,INOXGREEN.NS,NSE
INOXINDIA,INOXINDIA.NS,NSE
INOXWI-RE,INOXWI-RE.NS,NSE
INOXWIND,INOXWIND.NS,NSE
INSECTICID,INSECTICID.NS,NSE
INSPIRISYS,INSPIRISYS.NS,NSE
INTELLECT,INTELLECT.NS,NSE
INTENTECH,INTENTECH.NS,NSE
INTERARCH,INTERARCH.NS,NSE
INTLCONV,INTLCONV.NS,NSE
INVENTURE,INVENTURE.NS,NSE
IOB,IOB.NS,NSE
IOC,IOC.NS,NSE
IOLCP,IOLCP.NS,NSE
IONEXCHANG,IONEXCHANG.NS,NSE
IPCALAB,IPCALAB.NS,NSE
IPL,IPL.NS,NSE
IRB,IRB.NS,NSE
IRCON,IRCON.NS,NSE
IRCTC,IRCTC.NS,NSE
IREDA,IREDA.NS,NSE
IRFC,IRFC.NS,NSE
IRIS,IRIS.NS,NSE
IRISDOREME,IRISDOREME.NS,NSE
IRMENERGY,IRMENERGY.NS,NSE
ISFT,ISFT.NS,NSE
ISGEC,ISGEC.NS,NSE
ISHANCH,ISHANCH.NS,NSE
ITC,ITC.NS,NSE
ITCHOTELS,ITCHOTELS.NS,NSE
ITDC,ITDC.NS,NSE
ITDCEM,ITDCEM.NS,NSE
ITI,ITI.NS,NSE
IVC,IVC.NS,NSE
IVP,IVP.NS,NSE
IXIGO,IXIGO.NS,NSE
IZMO,IZMO.NS,NSE
J&KBANK,J&KBANK.NS,NSE
JAGRAN,JAGRAN.NS,NSE
JAGSNPHARM,JAGSNPHARM.NS,NSE
JAIBALAJI,JAIBALAJI.NS,NSE
JAICORPLTD,JAICORPLTD.NS,NSE
JAIPURKURT,JAIPURKURT.NS,NSE
JAMNAAUTO,JAMNAAUTO.NS,NSE
JASH,JASH.NS,NSE
JAYAGROGN,JAYAGROGN.NS,NSE
JAYBARMARU,JAYBARMARU.NS,NSE
JAYNECOIND,JAYNECOIND.NS,NSE
JAYSREETEA,JAYSREETEA.NS,NSE
JBCHEPHARM,JBCHEPHARM.NS,NSE
JBMA,JBMA.NS,NSE
JCHAC,JCHAC.NS,NSE
JETFREIGHT,JETFREIGHT.NS,NSE
JGCHEM,JGCHEM.NS,NSE
JHS,JHS.NS,NSE
JINDALPHOT,JINDALPHOT.NS,NSE
JINDALPOLY,JINDALPOLY.NS,NSE
JINDALSAW,JINDALSAW.NS,NSE
JINDALSTEL,JINDALSTEL.NS,NSE
JINDRILL,JINDRILL.NS,NSE
JINDWORLD,JINDWORLD.NS,NSE
JIOFIN,JIOFIN.NS,NSE
JISLDVREQS,JISLDVREQS.NS,NSE
JISLJALEQS,JISLJALEQS.NS,NSE
JITFINFRA,JITFINFRA.NS,NSE
JKCEMENT,JKCEMENT.NS,NSE
JKIL,JKIL.NS,NSE
JKLAKSHMI,JKLAKSHMI.NS,NSE
JKPAPER,JKPAPER.NS,NSE
JKTYRE,JKTYRE.NS,NSE
JLHL,JLHL.NS,NSE
JMA,JMA.NS,NSE
JMFINANCIL,JMFINANCIL.NS,NSE
JNKINDIA,JNKINDIA.NS,NSE
JOCIL,JOCIL.NS,NSE
JPOLYINVST,JPOLYINVST.NS,NSE
JPPOWER,JPPOWER.NS,NSE
JSFB,JSFB.NS,NSE
JSL,JSL.NS,NSE
JSLL,JSLL.NS,NSE
JSWCEMENT,JSWCEMENT.NS,NSE
JSWENERGY,JSWENERGY.NS,NSE
JSWHL,JSWHL.NS,NSE
JSWINFRA,JSWINFRA.NS,NSE
JSWSTEEL,JSWSTEEL.NS,NSE
JTEKTINDIA,JTEKTINDIA.NS,NSE
JTLIND,JTLIND.NS,NSE
JUBLCPL,JUBLCPL.NS,NSE
JUBLFOOD,JUBLFOOD.NS,NSE
JUBLINGREA,JUBLINGREA.NS,NSE
JUBLPHARMA,JUBLPHARMA.NS,NSE
JUNIPER,JUNIPER.NS,NSE
JUSTDIAL,JUSTDIAL.NS,NSE
JWL,JWL.NS,NSE
JYOTHYLAB,JYOTHYLAB.NS,NSE
JYOTICNC,JYOTICNC.NS,NSE
JYOTISTRUC,JYOTISTRUC.NS,NSE
KABRAEXTRU,KABRAEXTRU.NS,NSE
KAJARIACER,KAJARIACER.NS,NSE
KAKATCEM,KAKATCEM.NS,NSE
KALAMANDIR,KALAMANDIR.NS,NSE
KALPATARU,KALPATARU.NS,NSE
KALYANI,KALYANI.NS,NSE
KALYANIFRG,KALYANIFRG.NS,NSE
KALYANKJIL,KALYANKJIL.NS,NSE
KAMATHOTEL,KAMATHOTEL.NS,NSE
KAMDHENU,KAMDHENU.NS,NSE
KAMOPAINTS,KAMOPAINTS.NS,NSE
KANANIIND,KANANIIND.NS,NSE
KANORICHEM,KANORICHEM.NS,NSE
KANPRPLA,KANPRPLA.NS,NSE
KANSAINER,KANSAINER.NS,NSE
KAPSTON,KAPSTON.NS,NSE
KARMAENG,KARMAENG.NS,NSE
KARURVYSYA,KARURVYSYA.NS,NSE
KAUSHALYA,KAUSHALYA.NS,NSE
KAVDEFENCE,KAVDEFENCE.NS,NSE
KAYA,KAYA.NS,NSE
KAYNES,KAYNES.NS,NSE
KCP,KCP.NS,NSE
KCPSUGIND,KCPSUGIND.NS,NSE
KDDL,KDDL.NS,NSE
KEC,KEC.NS,NSE
KECL,KECL.NS,NSE
KEEPLEARN,KEEPLEARN.NS,NSE
KEI,KEI.NS,NSE
KELLTONTEC,KELLTONTEC.NS,NSE
KERNEX,KERNEX.NS,NSE
KESORAMIND,KESORAMIND.NS,NSE
KEYFINSERV,KEYFINSERV.NS,NSE
KFINTECH,KFINTECH.NS,NSE
KHADIM,KHADIM.NS,NSE
KHAICHEM,KHAICHEM.NS,NSE
KHAITANLTD,KHAITANLTD.NS,NSE
KHANDSE,KHANDSE.NS,NSE
KICL,KICL.NS,NSE
KILITC-RE,KILITC-RE.NS,NSE
KILITCH,KILITCH.NS,NSE
KIMS,KIMS.NS,NSE
KINGFA,KINGFA.NS,NSE
KIOCL,KIOCL.NS,NSE
KIRIINDUS,KIRIINDUS.NS,NSE
KIRLOSBROS,KIRLOSBROS.NS,NSE
KIRLOSENG,KIRLOSENG.NS,NSE
KIRLOSIND,KIRLOSIND.NS,NSE
KIRLPNU,KIRLPNU.NS,NSE
KITEX,KITEX.NS,NSE
KKCL,KKCL.NS,NSE
KMEW,KMEW.NS,NSE
KMSUGAR,KMSUGAR.NS,NSE
KNRCON,KNRCON.NS,NSE
KOHINOOR,KOHINOOR.NS,NSE
KOKUYOCMLN,KOKUYOCMLN.NS,NSE
KOLTEPATIL,KOLTEPATIL.NS,NSE
KOPRAN,KOPRAN.NS,NSE
KOTAKBANK,KOTAKBANK.NS,NSE
KOTARISUG,KOTARISUG.NS,NSE
KOTHARIPET,KOTHARIPET.NS,NSE
KOTHARIPRO,KOTHARIPRO.NS,NSE
KPEL,KPEL.NS,NSE
KPIGREEN,KPIGREEN.NS,NSE
KPIL,KPIL.NS,NSE
KPITTECH,KPITTECH.NS,NSE
KPRMILL,KPRMILL.NS,NSE
KRBL,KRBL.NS,NSE
KREBSBIO,KREBSBIO.NS,NSE
KRIDHANINF,KRIDHANINF.NS,NSE
KRISHANA,KRISHANA.NS,NSE
KRISHIVAL,KRISHIVAL.NS,NSE
KRITI,KRITI.NS,NSE
KRITIKA,KRITIKA.NS,NSE
KRITINUT,KRITINUT.NS,NSE
KRN,KRN.NS,NSE
KRONOX,KRONOX.NS,NSE
KROSS,KROSS.NS,NSE
KRSNAA,KRSNAA.NS,NSE
KRYSTAL,KRYSTAL.NS,NSE
KSB,KSB.NS,NSE
KSCL,KSCL.NS,NSE
KSHITIJPOL,KSHITIJPOL.NS,NSE
KSL,KSL.NS,NSE
KSOLVES,KSOLVES.NS,NSE
KTKBANK,KTKBANK.NS,NSE
KUANTUM,KUANTUM.NS,NSE
LAGNAM,LAGNAM.NS,NSE
LAL,LAL.NS,NSE
LALPATHLAB,LALPATHLAB.NS,NSE
LAMBODHARA,LAMBODHARA.NS,NSE
LANCORHOL,LANCORHOL.NS,NSE
LANDMARK,LANDMARK.NS,NSE
LAOPALA,LAOPALA.NS,NSE
LASA,LASA.NS,NSE
LATENTVIEW,LATENTVIEW.NS,NSE
LATTEYS,LATTEYS.NS,NSE
LAURUSLABS,LAURUSLABS.NS,NSE
LAXMICOT,LAXMICOT.NS,NSE
LAXMIDENTL,LAXMIDENTL.NS,NSE
LAXMIINDIA,LAXMIINDIA.NS,NSE
LCCINFOTEC,LCCINFOTEC.NS,NSE
LEMONTREE,LEMONTREE.NS,NSE
LEXUS,LEXUS.NS,NSE
LFIC,LFIC.NS,NSE
LGBBROSLTD,LGBBROSLTD.NS,NSE
LGHL,LGHL.NS,NSE
LIBAS,LIBAS.NS,NSE
LIBERTSHOE,LIBERTSHOE.NS,NSE
LICHSGFIN,LICHSGFIN.NS,NSE
LICI,LICI.NS,NSE
LIKHITHA,LIKHITHA.NS,NSE
LINC,LINC.NS,NSE
LINCOLN,LINCOLN.NS,NSE
LINDEINDIA,LINDEINDIA.NS,NSE
LLOYDSENGG,LLOYDSENGG.NS,NSE
LLOYDSENT,LLOYDSENT.NS,NSE
LLOYDSME,LLOYDSME.NS,NSE
LMW,LMW.NS,NSE
LODHA,LODHA.NS,NSE
LOKESHMACH,LOKESHMACH.NS,NSE
LORDSCHLO,LORDSCHLO.NS,NSE
LOTUSDEV,LOTUSDEV.NS,NSE
LOTUSEYE,LOTUSEYE.NS,NSE
LOVABLE,LOVABLE.NS,NSE
LOYALTEX,LOYALTEX.NS,NSE
LPDC,LPDC.NS,NSE
LT,LT.NS,NSE
LTF,LTF.NS,NSE
LTFOODS,LTFOODS.NS,NSE
LTIM,LTIM.NS,NSE
LTTS,LTTS.NS,NSE
LUMAXIND,LUMAXIND.NS,NSE
LUMAXTECH,LUMAXTECH.NS,NSE
LUPIN,LUPIN.NS,NSE
LUXIND,LUXIND.NS,NSE
LXCHEM,LXCHEM.NS,NSE
LYKALABS,LYKALABS.NS,NSE
LYPSAGEMS,LYPSAGEMS.NS,NSE
M&M,M&M.NS,NSE
M&MFIN,M&MFIN.NS,NSE
MAANALU,MAANALU.NS,NSE
MACPOWER,MACPOWER.NS,NSE
MADHAV,MADHAV.NS,NSE
MADHUCON,MADHUCON.NS,NSE
MADRASFERT,MADRASFERT.NS,NSE
MAGADSUGAR,MAGADSUGAR.NS,NSE
MAGNUM,MAGNUM.NS,NSE
MAHABANK,MAHABANK.NS,NSE
MAHAPEXLTD,MAHAPEXLTD.NS,NSE
MAHASTEEL,MAHASTEEL.NS,NSE
MAHEPC,MAHEPC.NS,NSE
MAHESHWARI,MAHESHWARI.NS,NSE
MAHLIFE,MAHLIFE.NS,NSE
MAHLOG,MAHLOG.NS,NSE
MAHSCOOTER,MAHSCOOTER.NS,NSE
MAHSEAMLES,MAHSEAMLES.NS,NSE
MAITHANALL,MAITHANALL.NS,NSE
MALLCOM,MALLCOM.NS,NSE
MALUPAPER,MALUPAPER.NS,NSE
MAMATA,MAMATA.NS,NSE
MANAKALUCO,MANAKALUCO.NS,NSE
MANAKCOAT,MANAKCOAT.NS,NSE
MANAKSIA,MANAKSIA.NS,NSE
MANAKSTEEL,MANAKSTEEL.NS,NSE
MANALIPETC,MANALIPETC.NS,NSE
MANAPPURAM,MANAPPURAM.NS,NSE
MANBA,MANBA.NS,NSE
MANCREDIT,MANCREDIT.NS,NSE
MANGALAM,MANGALAM.NS,NSE
MANGCHEFER,MANGCHEFER.NS,NSE
MANGLMCEM,MANGLMCEM.NS,NSE
MANINDS,MANINDS.NS,NSE
MANINFRA,MANINFRA.NS,NSE
MANKIND,MANKIND.NS,NSE
MANOMAY,MANOMAY.NS,NSE
MANORAMA,MANORAMA.NS,NSE
MANORG,MANORG.NS,NSE
MANUGRAPH,MANUGRAPH.NS,NSE
MANYAVAR,MANYAVAR.NS,NSE
MAPMYINDIA,MAPMYINDIA.NS,NSE
MARALOVER,MARALOVER.NS,NSE
MARATHON,MARATHON.NS,NSE
MARICO,MARICO.NS,NSE
MARINE,MARINE.NS,NSE
MARKSANS,MARKSANS.NS,NSE
MARUTI,MARUTI.NS,NSE
MASFIN,MASFIN.NS,NSE
MASKINVEST,MASKINVEST.NS,NSE
MASTEK,MASTEK.NS,NSE
MASTERTR,MASTERTR.NS,NSE
MATRIMONY,MATRIMONY.NS,NSE
MAWANASUG,MAWANASUG.NS,NSE
MAXESTATES,MAXESTATES.NS,NSE
MAXHEALTH,MAXHEALTH.NS,NSE
MAXIND,MAXIND.NS,NSE
MAYURUNIQ,MAYURUNIQ.NS,NSE
MAZDA,MAZDA.NS,NSE
MAZDOCK,MAZDOCK.NS,NSE
MBAPL,MBAPL.NS,NSE
MBEL,MBEL.NS,NSE
MBLINFRA,MBLINFRA.NS,NSE
MCL,MCL.NS,NSE
MCLEODRUSS,MCLEODRUSS.NS,NSE
MCLOUD,MCLOUD.NS,NSE
MCX,MCX.NS,NSE
MEDANTA,MEDANTA.NS,NSE
MEDIASSIST,MEDIASSIST.NS,NSE
MEDICAMEQ,MEDICAMEQ.NS,NSE
MEDICO,MEDICO.NS,NSE
MEDPLUS,MEDPLUS.NS,NSE
MEGASOFT,MEGASOFT.NS,NSE
MEGASTAR,MEGASTAR.NS,NSE
MENONBE,MENONBE.NS,NSE
MEP,MEP.NS,NSE
METROBRAND,METROBRAND.NS,NSE
METROPOLIS,METROPOLIS.NS,NSE
MFML,MFML.NS,NSE
MFSL,MFSL.NS,NSE
MGEL,MGEL.NS,NSE
MGL,MGL.NS,NSE
MHLXMIRU,MHLXMIRU.NS,NSE
MHRIL,MHRIL.NS,NSE
MICEL,MICEL.NS,NSE
MIDHANI,MIDHANI.NS,NSE
MINDACORP,MINDACORP.NS,NSE
MINDTECK,MINDTECK.NS,NSE
MIRCELECTR,MIRCELECTR.NS,NSE
MIRZAINT,MIRZAINT.NS,NSE
MITCON,MITCON.NS,NSE
MITTAL,MITTAL.NS,NSE
MKPL,MKPL.NS,NSE
MMFL,MMFL.NS,NSE
MMP,MMP.NS,NSE
MMTC,MMTC.NS,NSE
MOBIKWIK,MOBIKWIK.NS,NSE
MODIRUBBER,MODIRUBBER.NS,NSE
MODISONLTD,MODISONLTD.NS,NSE
MODTHREAD,MODTHREAD.NS,NSE
MOHITIND,MOHITIND.NS,NSE
MOIL,MOIL.NS,NSE
MOKSH,MOKSH.NS,NSE
MOL,MOL.NS,NSE
MOLDTECH,MOLDTECH.NS,NSE
MOLDTKPAC,MOLDTKPAC.NS,NSE
MONARCH,MONARCH.NS,NSE
MONTECARLO,MONTECARLO.NS,NSE
MORARJEE,MORARJEE.NS,NSE
MOREPENLAB,MOREPENLAB.NS,NSE
MOSCHIP,MOSCHIP.NS,NSE
MOTHERSON,MOTHERSON.NS,NSE
MOTILALOFS,MOTILALOFS.NS,NSE
MOTISONS,MOTISONS.NS,NSE
MOTOGENFIN,MOTOGENFIN.NS,NSE
MPHASIS,MPHASIS.NS,NSE
MPSLTD,MPSLTD.NS,NSE
MRF,MRF.NS,NSE
MRPL,MRPL.NS,NSE
MSPL,MSPL.NS,NSE
MSTCLTD,MSTCLTD.NS,NSE
MSUMI,MSUMI.NS,NSE
MTARTECH,MTARTECH.NS,NSE
MTEDUCARE,MTEDUCARE.NS,NSE
MTNL,MTNL.NS,NSE
MUFIN,MUFIN.NS,NSE
MUFTI,MUFTI.NS,NSE
MUKANDLTD,MUKANDLTD.NS,NSE
MUKKA,MUKKA.NS,NSE
MUKTAARTS,MUKTAARTS.NS,NSE
MUNJALAU,MUNJALAU.NS,NSE
MUNJALSHOW,MUNJALSHOW.NS,NSE
MURUDCERA,MURUDCERA.NS,NSE
MUTHOOTCAP,MUTHOOTCAP.NS,NSE
MUTHOOTFIN,MUTHOOTFIN.NS,NSE
MUTHOOTMF,MUTHOOTMF.NS,NSE
MVGJL,MVGJL.NS,NSE
NACLIND,NACLIND.NS,NSE
NAGAFERT,NAGAFERT.NS,NSE
NAGREEKCAP,NAGREEKCAP.NS,NSE
NAGREEKEXP,NAGREEKEXP.NS,NSE
NAHARCAP,NAHARCAP.NS,NSE
NAHARINDUS,NAHARINDUS.NS,NSE
NAHARPOLY,NAHARPOLY.NS,NSE
NAHARSPING,NAHARSPING.NS,NSE
NAM-INDIA,NAM-INDIA.NS,NSE
NARMADA,NARMADA.NS,NSE
NATCAPSUQ,NATCAPSUQ.NS,NSE
NATCOPHARM,NATCOPHARM.NS,NSE
NATHBIOGEN,NATHBIOGEN.NS,NSE
NATIONALUM,NATIONALUM.NS,NSE
NAUKRI,NAUKRI.NS,NSE
NAVA,NAVA.NS,NSE
NAVINFLUOR,NAVINFLUOR.NS,NSE
NAVKARCORP,NAVKARCORP.NS,NSE
NAVKARURB,NAVKARURB.NS,NSE
NAVNETEDUL,NAVNETEDUL.NS,NSE
NAZARA,NAZARA.NS,NSE
NBCC,NBCC.NS,NSE
NBIFIN,NBIFIN.NS,NSE
NCC,NCC.NS,NSE
NCLIND,NCLIND.NS,NSE
NDGL,NDGL.NS,NSE
NDL,NDL.NS,NSE
NDLVENTURE,NDLVENTURE.NS,NSE
NDRAUTO,NDRAUTO.NS,NSE
NDTV,NDTV.NS,NSE
NECCLTD,NECCLTD.NS,NSE
NECLIFE,NECLIFE.NS,NSE
NELCAST,NELCAST.NS,NSE
NELCO,NELCO.NS,NSE
NEOGEN,NEOGEN.NS,NSE
NESCO,NESCO.NS,NSE
NESTLEIND,NESTLEIND.NS,NSE
NETWEB,NETWEB.NS,NSE
NETWORK18,NETWORK18.NS,NSE
NEULANDLAB,NEULANDLAB.NS,NSE
NEWGEN,NEWGEN.NS,NSE
NEXTMEDIA,NEXTMEDIA.NS,NSE
NFL,NFL.NS,NSE
NGIL,NGIL.NS,NSE
NGLFINE,NGLFINE.NS,NSE
NH,NH.NS,NSE
NHPC,NHPC.NS,NSE
NIACL,NIACL.NS,NSE
NIBE,NIBE.NS,NSE
NIBL,NIBL.NS,NSE
NIITLTD,NIITLTD.NS,NSE
NIITMTS,NIITMTS.NS,NSE
NILAINFRA,NILAINFRA.NS,NSE
NILASPACES,NILASPACES.NS,NSE
NILKAMAL,NILKAMAL.NS,NSE
NINSYS,NINSYS.NS,NSE
NIPPOBATRY,NIPPOBATRY.NS,NSE
NIRAJ,NIRAJ.NS,NSE
NIRAJISPAT,NIRAJISPAT.NS,NSE
NITCO,NITCO.NS,NSE
NITINSPIN,NITINSPIN.NS,NSE
NITIRAJ,NITIRAJ.NS,NSE
NIVABUPA,NIVABUPA.NS,NSE
NKIND,NKIND.NS,NSE
NLCINDIA,NLCINDIA.NS,NSE
NMDC,NMDC.NS,NSE
NOCIL,NOCIL.NS,NSE
NOIDATOLL,NOIDATOLL.NS,NSE
NORBTEAEXP,NORBTEAEXP.NS,NSE
NORTHARC,NORTHARC.NS,NSE
NOVAAGRI,NOVAAGRI.NS,NSE
NPST,NPST.NS,NSE
NRAIL,NRAIL.NS,NSE
NRBBEARING,NRBBEARING.NS,NSE
NRL,NRL.NS,NSE
NSIL,NSIL.NS,NSE
NSLNISP,NSLNISP.NS,NSE
NTPC,NTPC.NS,NSE
NTPCGREEN,NTPCGREEN.NS,NSE
NUCLEUS,NUCLEUS.NS,NSE
NURECA,NURECA.NS,NSE
NUVAMA,NUVAMA.NS,NSE
NUVOCO,NUVOCO.NS,NSE
NYKAA,NYKAA.NS,NSE
OAL,OAL.NS,NSE
OBCL,OBCL.NS,NSE
OBEROIRLTY,OBEROIRLTY.NS,NSE
OCCLLTD,OCCLLTD.NS,NSE
ODIGMA,ODIGMA.NS,NSE
OFSS,OFSS.NS,NSE
OIL,OIL.NS,NSE
OILCOUNTUB,OILCOUNTUB.NS,NSE
OLAELEC,OLAELEC.NS,NSE
OLECTRA,OLECTRA.NS,NSE
OMAXAUTO,OMAXAUTO.NS,NSE
OMAXE,OMAXE.NS,NSE
OMINFRAL,OMINFRAL.NS,NSE
OMKARCHEM,OMKARCHEM.NS,NSE
ONELIFECAP,ONELIFECAP.NS,NSE
ONEPOINT,ONEPOINT.NS,NSE
ONESOURCE,ONESOURCE.NS,NSE
ONGC,ONGC.NS,NSE
ONMOBILE,ONMOBILE.NS,NSE
ONWARDTEC,ONWARDTEC.NS,NSE
OPTIEMUS,OPTIEMUS.NS,NSE
ORBTEXP,ORBTEXP.NS,NSE
ORCHASP,ORCHASP.NS,NSE
ORCHPHARMA,ORCHPHARMA.NS,NSE
ORICONENT,ORICONENT.NS,NSE
ORIENTALTL,ORIENTALTL.NS,NSE
ORIENTBELL,ORIENTBELL.NS,NSE
ORIENTCEM,ORIENTCEM.NS,NSE
ORIENTCER,ORIENTCER.NS,NSE
ORIENTELEC,ORIENTELEC.NS,NSE
ORIENTHOT,ORIENTHOT.NS,NSE
ORIENTLTD,ORIENTLTD.NS,NSE
ORIENTPPR,ORIENTPPR.NS,NSE
ORIENTTECH,ORIENTTECH.NS,NSE
ORISSAMINE,ORISSAMINE.NS,NSE
ORTEL,ORTEL.NS,NSE
ORTINGLOBE,ORTINGLOBE.NS,NSE
OSIAHYPER,OSIAHYPER.NS,NSE
OSWALAGRO,OSWALAGRO.NS,NSE
OSWALGREEN,OSWALGREEN.NS,NSE
OSWALPUMPS,OSWALPUMPS.NS,NSE
OSWALSEEDS,OSWALSEEDS.NS,NSE
PAGEIND,PAGEIND.NS,NSE
PAISALO,PAISALO.NS,NSE
PAKKA,PAKKA.NS,NSE
PALASHSECU,PALASHSECU.NS,NSE
PALREDTEC,PALREDTEC.NS,NSE
PANACEABIO,PANACEABIO.NS,NSE
PANACHE,PANACHE.NS,NSE
PANAMAPET,PANAMAPET.NS,NSE
PANSARI,PANSARI.NS,NSE
PAR,PAR.NS,NSE
PARACABLES,PARACABLES.NS,NSE
PARADEEP,PARADEEP.NS,NSE
PARAGMILK,PARAGMILK.NS,NSE
PARAS,PARAS.NS,NSE
PARASPETRO,PARASPETRO.NS,NSE
PARKHOTELS,PARKHOTELS.NS,NSE
PARSVNATH,PARSVNATH.NS,NSE
PASHUPATI,PASHUPATI.NS,NSE
PASUPTAC,PASUPTAC.NS,NSE
PATANJALI,PATANJALI.NS,NSE
PATELENG,PATELENG.NS,NSE
PATINTLOG,PATINTLOG.NS,NSE
PAVNAIND,PAVNAIND.NS,NSE
PAYTM,PAYTM.NS,NSE
PCBL,PCBL.NS,NSE
PCJEWELLER,PCJEWELLER.NS,NSE
PDMJEPAPER,PDMJEPAPER.NS,NSE
PDSL,PDSL.NS,NSE
PEARLPOLY,PEARLPOLY.NS,NSE
PEL,PEL.NS,NSE
PENIND,PENIND.NS,NSE
PENINLAND,PENINLAND.NS,NSE
PERSISTENT,PERSISTENT.NS,NSE
PETRONET,PETRONET.NS,NSE
PFC,PFC.NS,NSE
PFIZER,PFIZER.NS,NSE
PFOCUS,PFOCUS.NS,NSE
PFS,PFS.NS,NSE
PGEL,PGEL.NS,NSE
PGHH,PGHH.NS,NSE
PGHL,PGHL.NS,NSE
PGIL,PGIL.NS,NSE
PHOENIXLTD,PHOENIXLTD.NS,NSE
PICCADIL,PICCADIL.NS,NSE
PIDILITIND,PIDILITIND.NS,NSE
PIGL,PIGL.NS,NSE
PIIND,PIIND.NS,NSE
PILANIINVS,PILANIINVS.NS,NSE
PILITA,PILITA.NS,NSE
PIONEEREMB,PIONEEREMB.NS,NSE
PITTIENG,PITTIENG.NS,NSE
PIXTRANS,PIXTRANS.NS,NSE
PKTEA,PKTEA.NS,NSE
PLASTIBLEN,PLASTIBLEN.NS,NSE
PLATIND,PLATIND.NS,NSE
PLAZACABLE,PLAZACABLE.NS,NSE
PNB,PNB.NS,NSE
PNBGILTS,PNBGILTS.NS,NSE
PNBHOUSING,PNBHOUSING.NS,NSE
PNC,PNC.NS,NSE
PNCINFRA,PNCINFRA.NS,NSE
PNGJL,PNGJL.NS,NSE
POCL,POCL.NS,NSE
PODDARMENT,PODDARMENT.NS,NSE
POKARNA,POKARNA.NS,NSE
POLICYBZR,POLICYBZR.NS,NSE
POLYCAB,POLYCAB.NS,NSE
POLYMED,POLYMED.NS,NSE
POLYPLEX,POLYPLEX.NS,NSE
PONNIERODE,PONNIERODE.NS,NSE
POONAWALLA,POONAWALLA.NS,NSE
POWERGRID,POWERGRID.NS,NSE
POWERINDIA,POWERINDIA.NS,NSE
POWERMECH,POWERMECH.NS,NSE
PPAP,PPAP.NS,NSE
PPL,PPL.NS,NSE
PPLPHARMA,PPLPHARMA.NS,NSE
PRABHA,PRABHA.NS,NSE
PRAENG,PRAENG.NS,NSE
PRAJIND,PRAJIND.NS,NSE
PRAKASH,PRAKASH.NS,NSE
PRAKASHSTL,PRAKASHSTL.NS,NSE
PRAXIS,PRAXIS.NS,NSE
PRECAM,PRECAM.NS,NSE
PRECOT,PRECOT.NS,NSE
PRECWIRE,PRECWIRE.NS,NSE
PREMEXPLN,PREMEXPLN.NS,NSE
PREMIER,PREMIER.NS,NSE
PREMIERENE,PREMIERENE.NS,NSE
PREMIERPOL,PREMIERPOL.NS,NSE
PRESTIGE,PRESTIGE.NS,NSE
PRICOLLTD,PRICOLLTD.NS,NSE
PRIMESECU,PRIMESECU.NS,NSE
PRIMO,PRIMO.NS,NSE
PRINCEPIPE,PRINCEPIPE.NS,NSE
PRITI,PRITI.NS,NSE
PRITIKAUTO,PRITIKAUTO.NS,NSE
PRIVISCL,PRIVISCL.NS,NSE
PROSTARM,PROSTARM.NS,NSE
PROTEAN,PROTEAN.NS,NSE
PROZONER,PROZONER.NS,NSE
PRSMJOHNSN,PRSMJOHNSN.NS,NSE
PRUDENT,PRUDENT.NS,NSE
PRUDMOULI,PRUDMOULI.NS,NSE
PSB,PSB.NS,NSE
PSPPROJECT,PSPPROJECT.NS,NSE
PTC,PTC.NS,NSE
PTCIL,PTCIL.NS,NSE
PTL,PTL.NS,NSE
PUNJABCHEM,PUNJABCHEM.NS,NSE
PURVA,PURVA.NS,NSE
PVP,PVP.NS,NSE
PVRINOX,PVRINOX.NS,NSE
PVSL,PVSL.NS,NSE
PYRAMID,PYRAMID.NS,NSE
QPOWER,QPOWER.NS,NSE
QUADFUTURE,QUADFUTURE.NS,NSE
QUESS,QUESS.NS,NSE
QUICKHEAL,QUICKHEAL.NS,NSE
RACE,RACE.NS,NSE
RACLGEAR,RACLGEAR.NS,NSE
RADAAN,RADAAN.NS,NSE
RADHIKAJWE,RADHIKAJWE.NS,NSE
RADIANTCMS,RADIANTCMS.NS,NSE
RADICO,RADICO.NS,NSE
RADIOCITY,RADIOCITY.NS,NSE
RAILTEL,RAILTEL.NS,NSE
RAIN,RAIN.NS,NSE
RAINBOW,RAINBOW.NS,NSE
RAJESHEXPO,RAJESHEXPO.NS,NSE
RAJMET,RAJMET.NS,NSE
RAJOOENG,RAJOOENG.NS,NSE
RAJRATAN,RAJRATAN.NS,NSE
RAJRILTD,RAJRILTD.NS,NSE
RAJSREESUG,RAJSREESUG.NS,NSE
RAJTV,RAJTV.NS,NSE
RALLIS,RALLIS.NS,NSE
RAMANEWS,RAMANEWS.NS,NSE
RAMAPHO,RAMAPHO.NS,NSE
RAMASTEEL,RAMASTEEL.NS,NSE
RAMCOCEM,RAMCOCEM.NS,NSE
RAMCOIND,RAMCOIND.NS,NSE
RAMCOSYS,RAMCOSYS.NS,NSE
RAMKY,RAMKY.NS,NSE
RAMRAT,RAMRAT.NS,NSE
RANASUG,RANASUG.NS,NSE
RANEHOLDIN,RANEHOLDIN.NS,NSE
RATEGAIN,RATEGAIN.NS,NSE
RATNAMANI,RATNAMANI.NS,NSE
RATNAVEER,RATNAVEER.NS,NSE
RAYMOND,RAYMOND.NS,NSE
RAYMONDLSL,RAYMONDLSL.NS,NSE
RAYMONDREL,RAYMONDREL.NS,NSE
RBA,RBA.NS,NSE
RBLBANK,RBLBANK.NS,NSE
RBZJEWEL,RBZJEWEL.NS,NSE
RCF,RCF.NS,NSE
RCOM,RCOM.NS,NSE
RECLTD,RECLTD.NS,NSE
REDINGTON,REDINGTON.NS,NSE
REDTAPE,REDTAPE.NS,NSE
REFEX,REFEX.NS,NSE
REGENCERAM,REGENCERAM.NS,NSE
RELAXO,RELAXO.NS,NSE
RELCHEMQ,RELCHEMQ.NS,NSE
RELIABLE,RELIABLE.NS,NSE
RELIANCE,RELIANCE.NS,NSE
RELIGARE,RELIGARE.NS,NSE
RELINFRA,RELINFRA.NS,NSE
RELTD,RELTD.NS,NSE
REMSONSIND,REMSONSIND.NS,NSE
RENUKA,RENUKA.NS,NSE
REPCOHOME,REPCOHOME.NS,NSE
REPL,REPL.NS,NSE
REPRO,REPRO.NS,NSE
RESPONIND,RESPONIND.NS,NSE
RETAIL,RETAIL.NS,NSE
RGL,RGL.NS,NSE
RHFL,RHFL.NS,NSE
RHIM,RHIM.NS,NSE
RHL,RHL.NS,NSE
RICOAUTO,RICOAUTO.NS,NSE
RIIL,RIIL.NS,NSE
RISHABH,RISHABH.NS,NSE
RITCO,RITCO.NS,NSE
RITES,RITES.NS,NSE
RKDL,RKDL.NS,NSE
RKEC,RKEC.NS,NSE
RKFORGE,RKFORGE.NS,NSE
RKSWAMY,RKSWAMY.NS,NSE
RMDRIP,RMDRIP.NS,NSE
RML,RML.NS,NSE
ROHLTD,ROHLTD.NS,NSE
ROLEXRINGS,ROLEXRINGS.NS,NSE
ROLLT,ROLLT.NS,NSE
ROLTA,ROLTA.NS,NSE
ROML,ROML.NS,NSE
ROSSARI,ROSSARI.NS,NSE
ROSSELLIND,ROSSELLIND.NS,NSE
ROSSTECH,ROSSTECH.NS,NSE
ROTO,ROTO.NS,NSE
ROUTE,ROUTE.NS,NSE
RPEL,RPEL.NS,NSE
RPGLIFE,RPGLIFE.NS,NSE
RPOWER,RPOWER.NS,NSE
RPPINFRA,RPPINFRA.NS,NSE
RPPL,RPPL.NS,NSE
RPSGVENT,RPSGVENT.NS,NSE
RPTECH,RPTECH.NS,NSE
RRKABEL,RRKABEL.NS,NSE
RSSOFTWARE,RSSOFTWARE.NS,NSE
RSWM,RSWM.NS,NSE
RSYSTEMS,RSYSTEMS.NS,NSE
RTNINDIA,RTNINDIA.NS,NSE
RTNPOWER,RTNPOWER.NS,NSE
RUBFILA,RUBFILA.NS,NSE
RUBYMILLS,RUBYMILLS.NS,NSE
RUCHINFRA,RUCHINFRA.NS,NSE
RUCHIRA,RUCHIRA.NS,NSE
RUPA,RUPA.NS,NSE
RUSHIL,RUSHIL.NS,NSE
RUSTOMJEE,RUSTOMJEE.NS,NSE
RVHL,RVHL.NS,NSE
RVNL,RVNL.NS,NSE
RVTH,RVTH.NS,NSE
S&SPOWER,S&SPOWER.NS,NSE
SABEVENTS,SABEVENTS.NS,NSE
SABTNL,SABTNL.NS,NSE
SADBHAV,SADBHAV.NS,NSE
SADBHIN,SADBHIN.NS,NSE
SADHNANIQ,SADHNANIQ.NS,NSE
SAFARI,SAFARI.NS,NSE
SAGARDEEP,SAGARDEEP.NS,NSE
SAGCEM,SAGCEM.NS,NSE
SAGILITY,SAGILITY.NS,NSE
SAH,SAH.NS,NSE
SAHYADRI,SAHYADRI.NS,NSE
SAIL,SAIL.NS,NSE
SAILIFE,SAILIFE.NS,NSE
SAKAR,SAKAR.NS,NSE
SAKHTISUG,SAKHTISUG.NS,NSE
SAKSOFT,SAKSOFT.NS,NSE
SAKUMA,SAKUMA.NS,NSE
SALASAR,SALASAR.NS,NSE
SALONA,SALONA.NS,NSE
SALSTEEL,SALSTEEL.NS,NSE
SALZERELEC,SALZERELEC.NS,NSE
SAMBHAAV,SAMBHAAV.NS,NSE
SAMBHV,SAMBHV.NS,NSE
SAMHI,SAMHI.NS,NSE
SAMMAANCAP,SAMMAANCAP.NS,NSE
SAMPANN,SAMPANN.NS,NSE
SANATHAN,SANATHAN.NS,NSE
SANDESH,SANDESH.NS,NSE
SANDHAR,SANDHAR.NS,NSE
SANDUMA,SANDUMA.NS,NSE
SANGAMIND,SANGAMIND.NS,NSE
SANGHIIND,SANGHIIND.NS,NSE
SANGHVIMOV,SANGHVIMOV.NS,NSE
SANGINITA,SANGINITA.NS,NSE
SANOFI,SANOFI.NS,NSE
SANOFICONR,SANOFICONR.NS,NSE
SANSERA,SANSERA.NS,NSE
SANSTAR,SANSTAR.NS,NSE
SANWARIA,SANWARIA.NS,NSE
SAPPHIRE,SAPPHIRE.NS,NSE
SARDAEN,SARDAEN.NS,NSE
SAREGAMA,SAREGAMA.NS,NSE
SARLAPOLY,SARLAPOLY.NS,NSE
SARVESHWAR,SARVESHWAR.NS,NSE
SASKEN,SASKEN.NS,NSE
SASTASUNDR,SASTASUNDR.NS,NSE
SATIA,SATIA.NS,NSE
SATIN,SATIN.NS,NSE
SAURASHCEM,SAURASHCEM.NS,NSE
SBC,SBC.NS,NSE
SBCL,SBCL.NS,NSE
SBFC,SBFC.NS,NSE
SBGLP,SBGLP.NS,NSE
SBICARD,SBICARD.NS,NSE
SBILIFE,SBILIFE.NS,NSE
SBIN,SBIN.NS,NSE
SCHAEFFLER,SCHAEFFLER.NS,NSE
SCHAND,SCHAND.NS,NSE
SCHNEIDER,SCHNEIDER.NS,NSE
SCI,SCI.NS,NSE
SCILAL,SCILAL.NS,NSE
SCODATUBES,SCODATUBES.NS,NSE
SCPL,SCPL.NS,NSE
SDBL,SDBL.NS,NSE
SEAMECLTD,SEAMECLTD.NS,NSE
SECMARK,SECMARK.NS,NSE
SECURKLOUD,SECURKLOUD.NS,NSE
SEJALLTD,SEJALLTD.NS,NSE
SELAN,SELAN.NS,NSE
SELMC,SELMC.NS,NSE
SEMAC,SEMAC.NS,NSE
SENCO,SENCO.NS,NSE
SENORES,SENORES.NS,NSE
SEPC,SEPC.NS,NSE
SEQUENT,SEQUENT.NS,NSE
SERVOTECH,SERVOTECH.NS,NSE
SESHAPAPER,SESHAPAPER.NS,NSE
SETCO,SETCO.NS,NSE
SETUINFRA,SETUINFRA.NS,NSE
SEYAIND,SEYAIND.NS,NSE
SFL,SFL.NS,NSE
SGFIN,SGFIN.NS,NSE
SGIL,SGIL.NS,NSE
SGL,SGL.NS,NSE
SGLTL,SGLTL.NS,NSE
SHAH,SHAH.NS,NSE
SHAHALLOYS,SHAHALLOYS.NS,NSE
SHAILY,SHAILY.NS,NSE
SHAKTIPUMP,SHAKTIPUMP.NS,NSE
SHALBY,SHALBY.NS,NSE
SHALPAINTS,SHALPAINTS.NS,NSE
SHANKARA,SHANKARA.NS,NSE
SHANTI,SHANTI.NS,NSE
SHANTIGEAR,SHANTIGEAR.NS,NSE
SHANTIGOLD,SHANTIGOLD.NS,NSE
SHARDACROP,SHARDACROP.NS,NSE
SHARDAMOTR,SHARDAMOTR.NS,NSE
SHAREINDIA,SHAREINDIA.NS,NSE
SHEKHAWATI,SHEKHAWATI.NS,NSE
SHEMAROO,SHEMAROO.NS,NSE
SHILPAMED,SHILPAMED.NS,NSE
SHIVALIK,SHIVALIK.NS,NSE
SHIVAMAUTO,SHIVAMAUTO.NS,NSE
SHIVAMILLS,SHIVAMILLS.NS,NSE
SHIVATEX,SHIVATEX.NS,NSE
SHK,SHK.NS,NSE
SHOPERSTOP,SHOPERSTOP.NS,NSE
SHRADHA,SHRADHA.NS,NSE
SHREDIGCEM,SHREDIGCEM.NS,NSE
SHREECEM,SHREECEM.NS,NSE
SHREEPUSHK,SHREEPUSHK.NS,NSE
SHREERAMA,SHREERAMA.NS,NSE
SHRENIK,SHRENIK.NS,NSE
SHREYANIND,SHREYANIND.NS,NSE
SHRIPISTON,SHRIPISTON.NS,NSE
SHRIRAMFIN,SHRIRAMFIN.NS,NSE
SHRIRAMPPS,SHRIRAMPPS.NS,NSE
SHYAMCENT,SHYAMCENT.NS,NSE
SHYAMMETL,SHYAMMETL.NS,NSE
SHYAMTEL,SHYAMTEL.NS,NSE
SICALLOG,SICALLOG.NS,NSE
SIEMENS,SIEMENS.NS,NSE
SIGACHI,SIGACHI.NS,NSE
SIGIND,SIGIND.NS,NSE
SIGMA,SIGMA.NS,NSE
SIGNATURE,SIGNATURE.NS,NSE
SIGNPOST,SIGNPOST.NS,NSE
SIKKO,SIKKO.NS,NSE
SIL,SIL.NS,NSE
SILGO,SILGO.NS,NSE
SILINV,SILINV.NS,NSE
SILLYMONKS,SILLYMONKS.NS,NSE
SILVERTUC,SILVERTUC.NS,NSE
SIMBHALS,SIMBHALS.NS,NSE
SIMPLEXINF,SIMPLEXINF.NS,NSE
SINCLAIR,SINCLAIR.NS,NSE
SINDHUTRAD,SINDHUTRAD.NS,NSE
SINTERCOM,SINTERCOM.NS,NSE
SIRCA,SIRCA.NS,NSE
SIS,SIS.NS,NSE
SITINET,SITINET.NS,NSE
SIYSIL,SIYSIL.NS,NSE
SJS,SJS.NS,NSE
SJVN,SJVN.NS,NSE
SKFINDIA,SKFINDIA.NS,NSE
SKIPPER,SKIPPER.NS,NSE
SKMEGGPROD,SKMEGGPROD.NS,NSE
SKYGOLD,SKYGOLD.NS,NSE
SMARTLINK,SMARTLINK.NS,NSE
SMARTWORKS,SMARTWORKS.NS,NSE
SMCGLOBAL,SMCGLOBAL.NS,NSE
SMLISUZU,SMLISUZU.NS,NSE
SMLT,SMLT.NS,NSE
SMSLIFE,SMSLIFE.NS,NSE
SMSPHARMA,SMSPHARMA.NS,NSE
SNOWMAN,SNOWMAN.NS,NSE
SOBHA,SOBHA.NS,NSE
SOFTTECH,SOFTTECH.NS,NSE
SOLARA,SOLARA.NS,NSE
SOLARINDS,SOLARINDS.NS,NSE
SOMANYCERA,SOMANYCERA.NS,NSE
SOMATEX,SOMATEX.NS,NSE
SOMICONVEY,SOMICONVEY.NS,NSE
SONACOMS,SONACOMS.NS,NSE
SONAMLTD,SONAMLTD.NS,NSE
SONATSOFTW,SONATSOFTW.NS,NSE
SOTL,SOTL.NS,NSE
SOUTHBANK,SOUTHBANK.NS,NSE
SOUTHWEST,SOUTHWEST.NS,NSE
SPAL,SPAL.NS,NSE
SPANDANA,SPANDANA.NS,NSE
SPARC,SPARC.NS,NSE
SPCENET,SPCENET.NS,NSE
SPECIALITY,SPECIALITY.NS,NSE
SPECTRUM,SPECTRUM.NS,NSE
SPENCERS,SPENCERS.NS,NSE
SPIC,SPIC.NS,NSE
SPLIL,SPLIL.NS,NSE
SPLPETRO,SPLPETRO.NS,NSE
SPMLINFRA,SPMLINFRA.NS,NSE
SPORTKING,SPORTKING.NS,NSE
SRD,SRD.NS,NSE
SREEL,SREEL.NS,NSE
SRF,SRF.NS,NSE
SRGHFL,SRGHFL.NS,NSE
SRHHYPOLTD,SRHHYPOLTD.NS,NSE
SRM,SRM.NS,NSE
SSDL,SSDL.NS,NSE
SSWL,SSWL.NS,NSE
STALLION,STALLION.NS,NSE
STANLEY,STANLEY.NS,NSE
STAR,STAR.NS,NSE
STARCEMENT,STARCEMENT.NS,NSE
STARHEALTH,STARHEALTH.NS,NSE
STARPAPER,STARPAPER.NS,NSE
STARTECK,STARTECK.NS,NSE
STCINDIA,STCINDIA.NS,NSE
STEELCAS,STEELCAS.NS,NSE
STEELCITY,STEELCITY.NS,NSE
STEELXIND,STEELXIND.NS,NSE
STEL,STEL.NS,NSE
STERTOOLS,STERTOOLS.NS,NSE
STLTECH,STLTECH.NS,NSE
STOVEKRAFT,STOVEKRAFT.NS,NSE
STYLAMIND,STYLAMIND.NS,NSE
STYLEBAAZA,STYLEBAAZA.NS,NSE
STYRENIX,STYRENIX.NS,NSE
SUBEXLTD,SUBEXLTD.NS,NSE
SUBROS,SUBROS.NS,NSE
SUDARSCHEM,SUDARSCHEM.NS,NSE
SUKHJITS,SUKHJITS.NS,NSE
SULA,SULA.NS,NSE
SUMEETINDS,SUMEETINDS.NS,NSE
SUMICHEM,SUMICHEM.NS,NSE
SUMIT,SUMIT.NS,NSE
SUMMITSEC,SUMMITSEC.NS,NSE
SUNCLAY,SUNCLAY.NS,NSE
SUNDARAM,SUNDARAM.NS,NSE
SUNDARMFIN,SUNDARMFIN.NS,NSE
SUNDARMHLD,SUNDARMHLD.NS,NSE
SUNDRMBRAK,SUNDRMBRAK.NS,NSE
SUNDRMFAST,SUNDRMFAST.NS,NSE
SUNDROP,SUNDROP.NS,NSE
SUNFLAG,SUNFLAG.NS,NSE
SUNPHARMA,SUNPHARMA.NS,NSE
SUNTECK,SUNTECK.NS,NSE
SUNTV,SUNTV.NS,NSE
SUPERHOUSE,SUPERHOUSE.NS,NSE
SUPERSPIN,SUPERSPIN.NS,NSE
SUPRAJIT,SUPRAJIT.NS,NSE
SUPREME,SUPREME.NS,NSE
SUPREMEIND,SUPREMEIND.NS,NSE
SUPREMEINF,SUPREMEINF.NS,NSE
SUPRIYA,SUPRIYA.NS,NSE
SURAJEST,SURAJEST.NS,NSE
SURAJLTD,SURAJLTD.NS,NSE
SURAKSHA,SURAKSHA.NS,NSE
SURANASOL,SURANASOL.NS,NSE
SURANAT&P,SURANAT&P.NS,NSE
SURYALAXMI,SURYALAXMI.NS,NSE
SURYAROSNI,SURYAROSNI.NS,NSE
SURYODAY,SURYODAY.NS,NSE
SUTLEJTEX,SUTLEJTEX.NS,NSE
SUVEN,SUVEN.NS,NSE
SUVIDHAA,SUVIDHAA.NS,NSE
SUYOG,SUYOG.NS,NSE
SUZLON,SUZLON.NS,NSE
SVLL,SVLL.NS,NSE
SVPGLOB,SVPGLOB.NS,NSE
SWANENERGY,SWANENERGY.NS,NSE
SWARAJENG,SWARAJENG.NS,NSE
SWELECTES,SWELECTES.NS,NSE
SWIGGY,SWIGGY.NS,NSE
SWSOLAR,SWSOLAR.NS,NSE
SYMPHONY,SYMPHONY.NS,NSE
SYNCOMF,SYNCOMF.NS,NSE
SYNGENE,SYNGENE.NS,NSE
SYRMA,SYRMA.NS,NSE
TAINWALCHM,TAINWALCHM.NS,NSE
TAJGVK,TAJGVK.NS,NSE
TAKE,TAKE.NS,NSE
TALBROAUTO,TALBROAUTO.NS,NSE
TANLA,TANLA.NS,NSE
TARACHAND,TARACHAND.NS,NSE
TARAPUR,TARAPUR.NS,NSE
TARC,TARC.NS,NSE
TARIL,TARIL.NS,NSE
TARMAT,TARMAT.NS,NSE
TARSONS,TARSONS.NS,NSE
TASTYBITE,TASTYBITE.NS,NSE
TATACHEM,TATACHEM.NS,NSE
TATACOMM,TATACOMM.NS,NSE
TATACONSUM,TATACONSUM.NS,NSE
TATAELXSI,TATAELXSI.NS,NSE
TATAINVEST,TATAINVEST.NS,NSE
TATAMOTORS,TATAMOTORS.NS,NSE
TATAPOWER,TATAPOWER.NS,NSE
TATASTEEL,TATASTEEL.NS,NSE
TATATECH,TATATECH.NS,NSE
TATVA,TATVA.NS,NSE
TBOTEK,TBOTEK.NS,NSE
TBZ,TBZ.NS,NSE
TCI,TCI.NS,NSE
TCIEXP,TCIEXP.NS,NSE
TCIFINANCE,TCIFINANCE.NS,NSE
TCPLPACK,TCPLPACK.NS,NSE
TCS,TCS.NS,NSE
TDPOWERSYS,TDPOWERSYS.NS,NSE
TEAMGTY,TEAMGTY.NS,NSE
TEAMLEASE,TEAMLEASE.NS,NSE
TECHM,TECHM.NS,NSE
TECHNOE,TECHNOE.NS,NSE
TECILCHEM,TECILCHEM.NS,NSE
TEGA,TEGA.NS,NSE
TEJASNET,TEJASNET.NS,NSE
TEMBO,TEMBO.NS,NSE
TERASOFT,TERASOFT.NS,NSE
TEXINFRA,TEXINFRA.NS,NSE
TEXMOPIPES,TEXMOPIPES.NS,NSE
TEXRAIL,TEXRAIL.NS,NSE
TFCILTD,TFCILTD.NS,NSE
TFL,TFL.NS,NSE
TGBHOTELS,TGBHOTELS.NS,NSE
THANGAMAYL,THANGAMAYL.NS,NSE
THEINVEST,THEINVEST.NS,NSE
THEJO,THEJO.NS,NSE
THELEELA,THELEELA.NS,NSE
THEMISMED,THEMISMED.NS,NSE
THERMAX,THERMAX.NS,NSE
THOMASCOOK,THOMASCOOK.NS,NSE
THOMASCOTT,THOMASCOTT.NS,NSE
THYROCARE,THYROCARE.NS,NSE
TI,TI.NS,NSE
TICL,TICL.NS,NSE
TIIL,TIIL.NS,NSE
TIINDIA,TIINDIA.NS,NSE
TIJARIA,TIJARIA.NS,NSE
TIL,TIL.NS,NSE
TIMETECHNO,TIMETECHNO.NS,NSE
TIMKEN,TIMKEN.NS,NSE
TINNARUBR,TINNARUBR.NS,NSE
TIPSFILMS,TIPSFILMS.NS,NSE
TIPSMUSIC,TIPSMUSIC.NS,NSE
TIRUMALCHM,TIRUMALCHM.NS,NSE
TIRUPATIFL,TIRUPATIFL.NS,NSE
TITAGARH,TITAGARH.NS,NSE
TITAN,TITAN.NS,NSE
TMB,TMB.NS,NSE
TNPETRO,TNPETRO.NS,NSE
TNPL,TNPL.NS,NSE
TNTELE,TNTELE.NS,NSE
TOKYOPLAST,TOKYOPLAST.NS,NSE
TOLINS,TOLINS.NS,NSE
TORNTPHARM,TORNTPHARM.NS,NSE
TORNTPOWER,TORNTPOWER.NS,NSE
TOTAL,TOTAL.NS,NSE
TOUCHWOOD,TOUCHWOOD.NS,NSE
TPHQ,TPHQ.NS,NSE
TPLPLASTEH,TPLPLASTEH.NS,NSE
TRACXN,TRACXN.NS,NSE
TRANSRAILL,TRANSRAILL.NS,NSE
TRANSWORLD,TRANSWORLD.NS,NSE
TRAVELFOOD,TRAVELFOOD.NS,NSE
TREEHOUSE,TREEHOUSE.NS,NSE
TREJHARA,TREJHARA.NS,NSE
TREL,TREL.NS,NSE
TRENT,TRENT.NS,NSE
TRF,TRF.NS,NSE
TRIDENT,TRIDENT.NS,NSE
TRIGYN,TRIGYN.NS,NSE
TRITURBINE,TRITURBINE.NS,NSE
TRIVENI,TRIVENI.NS,NSE
TRU,TRU.NS,NSE
TTKHLTCARE,TTKHLTCARE.NS,NSE
TTKPRESTIG,TTKPRESTIG.NS,NSE
TTL,TTL.NS,NSE
TTML,TTML.NS,NSE
TVSELECT,TVSELECT.NS,NSE
TVSHLTD,TVSHLTD.NS,NSE
TVSMOTOR,TVSMOTOR.NS,NSE
TVSSCS,TVSSCS.NS,NSE
TVSSRICHAK,TVSSRICHAK.NS,NSE
TVTODAY,TVTODAY.NS,NSE
TVVISION,TVVISION.NS,NSE
UBL,UBL.NS,NSE
UCAL,UCAL.NS,NSE
UCOBANK,UCOBANK.NS,NSE
UDAICEMENT,UDAICEMENT.NS,NSE
UDS,UDS.NS,NSE
UFLEX,UFLEX.NS,NSE
UFO,UFO.NS,NSE
UGARSUGAR,UGARSUGAR.NS,NSE
UGROCAP,UGROCAP.NS,NSE
UJJIVANSFB,UJJIVANSFB.NS,NSE
ULTRACEMCO,ULTRACEMCO.NS,NSE
UMAEXPORTS,UMAEXPORTS.NS,NSE
UMESLTD,UMESLTD.NS,NSE
UMIYA-MRO,UMIYA-MRO.NS,NSE
UNICHEMLAB,UNICHEMLAB.NS,NSE
UNIDT,UNIDT.NS,NSE
UNIECOM,UNIECOM.NS,NSE
UNIENTER,UNIENTER.NS,NSE
UNIINFO,UNIINFO.NS,NSE
UNIMECH,UNIMECH.NS,NSE
UNIONBANK,UNIONBANK.NS,NSE
UNIPARTS,UNIPARTS.NS,NSE
UNITDSPR,UNITDSPR.NS,NSE
UNITECH,UNITECH.NS,NSE
UNITEDPOLY,UNITEDPOLY.NS,NSE
UNITEDTEA,UNITEDTEA.NS,NSE
UNIVASTU,UNIVASTU.NS,NSE
UNIVCABLES,UNIVCABLES.NS,NSE
UNIVPHOTO,UNIVPHOTO.NS,NSE
UNOMINDA,UNOMINDA.NS,NSE
UPL,UPL.NS,NSE
URAVIDEF,URAVIDEF.NS,NSE
URJA,URJA.NS,NSE
USHAMART,USHAMART.NS,NSE
USK,USK.NS,NSE
UTIAMC,UTIAMC.NS,NSE
UTKARSHBNK,UTKARSHBNK.NS,NSE
UTTAMSUGAR,UTTAMSUGAR.NS,NSE
UYFINCORP,UYFINCORP.NS,NSE
V2RETAIL,V2RETAIL.NS,NSE
VADILALIND,VADILALIND.NS,NSE
VAIBHAVGBL,VAIBHAVGBL.NS,NSE
VAISHALI,VAISHALI.NS,NSE
VAKRANGEE,VAKRANGEE.NS,NSE
VALIANTLAB,VALIANTLAB.NS,NSE
VALIANTORG,VALIANTORG.NS,NSE
VARDHACRLC,VARDHACRLC.NS,NSE
VARDMNPOLY,VARDMNPOLY.NS,NSE
VARROC,VARROC.NS,NSE
VASCONEQ,VASCONEQ.NS,NSE
VASWANI,VASWANI.NS,NSE
VBL,VBL.NS,NSE
VCL,VCL.NS,NSE
VEDL,VEDL.NS,NSE
VEEDOL,VEEDOL.NS,NSE
VENKEYS,VENKEYS.NS,NSE
VENTIVE,VENTIVE.NS,NSE
VENUSPIPES,VENUSPIPES.NS,NSE
VENUSREM,VENUSREM.NS,NSE
VERANDA,VERANDA.NS,NSE
VERTOZ,VERTOZ.NS,NSE
VESUVIUS,VESUVIUS.NS,NSE
VETO,VETO.NS,NSE
VGUARD,VGUARD.NS,NSE
VHL,VHL.NS,NSE
VHLTD,VHLTD.NS,NSE
VIDHIING,VIDHIING.NS,NSE
VIJAYA,VIJAYA.NS,NSE
VIJIFIN,VIJIFIN.NS,NSE
VIKASECO,VIKASECO.NS,NSE
VIKASLIFE,VIKASLIFE.NS,NSE
VIMTALABS,VIMTALABS.NS,NSE
VINATIORGA,VINATIORGA.NS,NSE
VINCOFE,VINCOFE.NS,NSE
VINDHYATEL,VINDHYATEL.NS,NSE
VINEETLAB,VINEETLAB.NS,NSE
VINNY,VINNY.NS,NSE
VINYLINDIA,VINYLINDIA.NS,NSE
VIPCLOTHNG,VIPCLOTHNG.NS,NSE
VIPIND,VIPIND.NS,NSE
VIPULLTD,VIPULLTD.NS,NSE
VIRINCHI,VIRINCHI.NS,NSE
VISAKAIND,VISAKAIND.NS,NSE
VISASTEEL,VISASTEEL.NS,NSE
VISHNU,VISHNU.NS,NSE
VISHWARAJ,VISHWARAJ.NS,NSE
VIVIDHA,VIVIDHA.NS,NSE
VLEGOV,VLEGOV.NS,NSE
VLSFINANCE,VLSFINANCE.NS,NSE
VMART,VMART.NS,NSE
VMM,VMM.NS,NSE
VOLTAMP,VOLTAMP.NS,NSE
VOLTAS,VOLTAS.NS,NSE
VPRPL,VPRPL.NS,NSE
VRAJ,VRAJ.NS,NSE
VRLLOG,VRLLOG.NS,NSE
VSSL,VSSL.NS,NSE
VSTIND,VSTIND.NS,NSE
VSTL,VSTL.NS,NSE
VSTTILLERS,VSTTILLERS.NS,NSE
VTL,VTL.NS,NSE
WAAREEENER,WAAREEENER.NS,NSE
WAAREERTL,WAAREERTL.NS,NSE
WABAG,WABAG.NS,NSE
WALCHANNAG,WALCHANNAG.NS,NSE
WANBURY,WANBURY.NS,NSE
WCIL,WCIL.NS,NSE
WEALTH,WEALTH.NS,NSE
WEBELSOLAR,WEBELSOLAR.NS,NSE
WEIZMANIND,WEIZMANIND.NS,NSE
WEL,WEL.NS,NSE
WELCORP,WELCORP.NS,NSE
WELENT,WELENT.NS,NSE
WELINV,WELINV.NS,NSE
WELSPUNLIV,WELSPUNLIV.NS,NSE
WENDT,WENDT.NS,NSE
WESTLIFE,WESTLIFE.NS,NSE
WEWIN,WEWIN.NS,NSE
WHEELS,WHEELS.NS,NSE
WHIRLPOOL,WHIRLPOOL.NS,NSE
WILLAMAGOR,WILLAMAGOR.NS,NSE
WINDLAS,WINDLAS.NS,NSE
WINDMACHIN,WINDMACHIN.NS,NSE
WINSOME,WINSOME.NS,NSE
WIPL,WIPL.NS,NSE
WIPRO,WIPRO.NS,NSE
WOCKPHARMA,WOCKPHARMA.NS,NSE
WONDERLA,WONDERLA.NS,NSE
WORTH,WORTH.NS,NSE
WSI,WSI.NS,NSE
WSTCSTPAPR,WSTCSTPAPR.NS,NSE
XCHANGING,XCHANGING.NS,NSE
XELPMOC,XELPMOC.NS,NSE
XPROINDIA,XPROINDIA.NS,NSE
XTGLOBAL,XTGLOBAL.NS,NSE
YAARI,YAARI.NS,NSE
YASHO,YASHO.NS,NSE
YATHARTH,YATHARTH.NS,NSE
YATRA,YATRA.NS,NSE
YESBANK,YESBANK.NS,NSE
YUKEN,YUKEN.NS,NSE
ZAGGLE,ZAGGLE.NS,NSE
ZEEL,ZEEL.NS,NSE
ZEELEARN,ZEELEARN.NS,NSE
ZEEMEDIA,ZEEMEDIA.NS,NSE
ZENITHEXPO,ZENITHEXPO.NS,NSE
ZENITHSTL,ZENITHSTL.NS,NSE
ZENSARTECH,ZENSARTECH.NS,NSE
ZENTEC,ZENTEC.NS,NSE
ZFCVINDIA,ZFCVINDIA.NS,NSE
ZIMLAB,ZIMLAB.NS,NSE
ZODIAC,ZODIAC.NS,NSE
ZODIACLOTH,ZODIACLOTH.NS,NSE
ZOTA,ZOTA.NS,NSE
ZUARI,ZUARI.NS,NSE
ZUARIIND,ZUARIIND.NS,NSE
ZYDUSLIFE,ZYDUSLIFE.NS,NSE
ZYDUSWELL,ZYDUSWELL.NS,NSE
